{"type": "FeatureCollection", "features": [{"type": "Feature", "properties": {"name": "Clay", "id": "48077"}, "geometry": {"type": "Polygon", "coordinates": [[[-98.42305757716537, 34.0835924783292], [-98.39982015998142, 34.10001389200387], [-98.3983760267101, 34.128484784543716], [-98.38117771229713, 34.14949139814053], [-98.36397939788415, 34.15706230963989], [-98.3253816540871, 34.15098425392914], [-98.30017496426044, 34.13456284025447], [-98.25645711159234, 34.12944447755068], [-98.24096550013638, 34.13306998446586], [-98.20013591401091, 34.11675520334752], [-98.16915269109899, 34.114196021995625], [-98.15431750385727, 34.12272662650195], [-98.13672533491575, 34.14501283077471], [-98.10941808760354, 34.15407659806268], [-98.09025050054785, 34.13019090544498], [-98.0951080397332, 34.111210310418414], [-98.11939573565992, 34.08444553877983], [-98.11453819647458, 34.062265967063404], [-98.09615831847599, 34.044671595269115], [-98.10364155451828, 34.029209874601406], [-98.08289854934841, 34.002445102962824], [-98.04114996932303, 33.99348796823119], [-98.01948797025325, 33.99380786590018], [-97.9717002874569, 34.00543081454004], [-97.95830923348649, 33.99082215432296], [-97.94596845825885, 33.988369605527396], [-97.96040979097204, 33.95190127126288], [-97.9555522517867, 33.938145671496436], [-97.95712766990086, 33.914473243991395], [-97.98456620205592, 33.900717644224954], [-97.9778706750707, 33.88984112347939], [-97.97892095381349, 33.4671496701912], [-98.4214821590512, 33.46682977252221], [-98.42358271653674, 33.83609831508957], [-98.42305757716537, 33.84377585914526], [-98.42305757716537, 34.0835924783292]]]}}, {"type": "Feature", "properties": {"name": "Calhoun", "id": "48057"}, "geometry": {"type": "MultiPolygon", "coordinates": [[[[-96.64349153237238, 28.712084085811682], [-96.58677648026242, 28.72530652279648], [-96.57758654126312, 28.706432560326245], [-96.47807263038499, 28.70248715574207], [-96.42844695978876, 28.70355348130536], [-96.39956429436239, 28.730211620387614], [-96.40008943373378, 28.689904514095247], [-96.40442183354773, 28.67444279342754], [-96.3235503703539, 28.67561575154716], [-96.32276266129682, 28.642986189310484], [-96.378427434664, 28.390586928479717], [-96.3903743553631, 28.38184305886074], [-96.40048328826232, 28.357104305792408], [-96.44288829250195, 28.317650259950675], [-96.4862122906415, 28.298456399811453], [-96.63206975104468, 28.222853917374188], [-96.71963674122372, 28.16463254161855], [-96.79210597447533, 28.11046320300341], [-96.85210314765648, 28.05981273874713], [-96.85394113545634, 28.063651510774974], [-96.83083500311525, 28.108010654207842], [-96.82492718518712, 28.13957389088123], [-96.81928193694469, 28.143306030352747], [-96.8212512095874, 28.16836468109006], [-96.79053055636118, 28.18894476446156], [-96.73473449815114, 28.190757517919156], [-96.70270099649643, 28.214536577980525], [-96.65491331370008, 28.246419712322897], [-96.60948875807497, 28.281075293129824], [-96.59898597064719, 28.293338037107663], [-96.5756172686204, 28.300802316050692], [-96.55382398470778, 28.302721702064616], [-96.54148320948015, 28.31637066927473], [-96.5252038889671, 28.322981887767128], [-96.48253631504178, 28.33012626904117], [-96.44065645017355, 28.34302880835698], [-96.43369835350265, 28.363715524284807], [-96.45286594055833, 28.380243570515805], [-96.45024024370139, 28.388454277353137], [-96.42056986921793, 28.40434252824616], [-96.42004472984655, 28.416925169892984], [-96.45299722540118, 28.41863129079425], [-96.511550265311, 28.383335914649347], [-96.58139380170569, 28.353372166320895], [-96.62064796971697, 28.319143115739283], [-96.66515353144216, 28.309652818226], [-96.68432111849783, 28.314451283260805], [-96.68786580925472, 28.328100250470918], [-96.70519540851053, 28.348786966398748], [-96.70020658448234, 28.369686947439234], [-96.70572054788192, 28.40018385854933], [-96.72252500776635, 28.40882109561198], [-96.76689928464869, 28.4107404816259], [-96.7641423029489, 28.426522099962593], [-96.78934899277556, 28.447208815890423], [-96.81350540385942, 28.43025423943411], [-96.8398936572717, 28.458831764530284], [-96.84842717205676, 28.476106238655582], [-96.86260593508425, 28.477492461887863], [-96.86483777741266, 28.490181736091014], [-96.89096346113924, 28.507136312547324], [-96.90592993322382, 28.5324082283973], [-96.89516457611035, 28.549256172297284], [-96.90382937573825, 28.567063809204228], [-96.91682657518012, 28.5710092137884], [-96.93034891399338, 28.586684199568765], [-96.8538098506135, 28.635202012698464], [-96.72278757745205, 28.669750960949067], [-96.66567867081355, 28.705686132431943], [-96.64349153237238, 28.712084085811682]]], [[[-96.81009199794539, 28.21709575933242], [-96.79932664083194, 28.272757953736164], [-96.78711715044714, 28.250045219238082], [-96.80037691957472, 28.224133508050134], [-96.81009199794539, 28.21709575933242]]]]}}, {"type": "Feature", "properties": {"name": "Menard", "id": "48327"}, "geometry": {"type": "Polygon", "coordinates": [[[-100.11518791662215, 31.08796407337834], [-99.6031770295183, 31.087324278040366], [-99.60357088404685, 30.94070451308798], [-99.48475810127019, 30.940597880531648], [-99.48383910737026, 30.710804721642635], [-100.11623819536493, 30.71037819141732], [-100.11518791662215, 31.08796407337834]]]}}, {"type": "Feature", "properties": {"name": "Hale", "id": "48189"}, "geometry": {"type": "Polygon", "coordinates": [[[-102.09036837725736, 34.31317237210556], [-101.99807513273583, 34.31306573954923], [-101.56483515134028, 34.31253257676759], [-101.56457258165457, 34.07420881337225], [-101.56352230291179, 33.83044678960413], [-102.08577340775773, 33.82468863156237], [-102.09036837725736, 34.31317237210556]]]}}, {"type": "Feature", "properties": {"name": "Armstrong", "id": "48011"}, "geometry": {"type": "Polygon", "coordinates": [[[-101.62299433672155, 35.183080766637616], [-101.08630189916245, 35.182121073630654], [-101.09076558381925, 34.74823320192792], [-101.4716229129188, 34.74748677403362], [-101.62929600917822, 34.747700039146274], [-101.62299433672155, 35.183080766637616]]]}}, {"type": "Feature", "properties": {"name": "Refugio", "id": "48391"}, "geometry": {"type": "Polygon", "coordinates": [[[-97.54108600291828, 28.16463254161855], [-97.37553581608803, 28.388667542465797], [-97.16075381319011, 28.553521474550443], [-97.14027337770595, 28.55384137221943], [-97.12504433593568, 28.54531076771311], [-97.10522032466577, 28.554801065226393], [-97.09077899195259, 28.53454087952388], [-97.07200525942544, 28.547123521170704], [-97.03984047292789, 28.532088330728314], [-97.0306505339286, 28.541578628241595], [-97.01975389197229, 28.520252116975794], [-96.982206426918, 28.499672033604295], [-96.95555560382003, 28.50436386608277], [-96.91525115706595, 28.485809801281523], [-96.91551372675166, 28.499138870822648], [-96.9017288182527, 28.50958886134289], [-96.89096346113924, 28.507136312547324], [-96.86483777741266, 28.490181736091014], [-96.86260593508425, 28.477492461887863], [-96.84842717205676, 28.476106238655582], [-96.8398936572717, 28.458831764530284], [-96.81350540385942, 28.43025423943411], [-96.78934899277556, 28.447208815890423], [-96.7641423029489, 28.426522099962593], [-96.76689928464869, 28.4107404816259], [-96.77595793880513, 28.405835384034766], [-96.79026798667547, 28.38397570998732], [-96.79486295617514, 28.36456858473544], [-96.79118698057542, 28.319143115739283], [-97.11152199712244, 28.27425080952477], [-97.12530690562139, 28.253244195927955], [-97.09786837346633, 28.23202431721848], [-97.10193820359459, 28.226372791733045], [-97.06504716275454, 28.214536577980525], [-97.05428180564108, 28.203766689791294], [-97.01752204964387, 28.20291362934066], [-97.02776226738595, 28.1846794622084], [-97.03695220638525, 28.185532522659035], [-97.15366443167636, 28.13317593750149], [-97.21405545938605, 28.087537203392674], [-97.21536830781451, 28.076554050090785], [-97.23939343405554, 28.061412227092067], [-97.26079286343963, 28.075807622196482], [-97.2643375541965, 28.08892342662495], [-97.28403028062357, 28.09137597542052], [-97.28731240169475, 28.110783100672396], [-97.30385429189349, 28.10395861706734], [-97.30897440076453, 28.12006013307302], [-97.34323974474763, 28.130190225924277], [-97.35584308966097, 28.123152477206563], [-97.37986821590198, 28.13733460719832], [-97.38485703993018, 28.123898905100866], [-97.42713075932696, 28.117714216833782], [-97.42214193529877, 28.14170654200781], [-97.43881511034036, 28.138934095543256], [-97.4595581155102, 28.160047341696398], [-97.47006090293797, 28.15439581621096], [-97.4824016781656, 28.16857794620272], [-97.52126199164836, 28.151303472077423], [-97.54108600291828, 28.16463254161855]]]}}, {"type": "Feature", "properties": {"name": "Orange", "id": "48361"}, "geometry": {"type": "Polygon", "coordinates": [[[-94.1175711559934, 30.241621473794993], [-93.90147630466701, 30.242687799358283], [-93.70546803429623, 30.24418065514689], [-93.72095964575219, 30.20984497200895], [-93.71741495499532, 30.19342355833428], [-93.70376133133922, 30.173909800526072], [-93.69772222856825, 30.152903186929258], [-93.70244848291074, 30.112702713193222], [-93.73251271192274, 30.08892365313185], [-93.70389261618206, 30.054268072324923], [-93.72082836090935, 30.053095114205306], [-93.73750153595094, 30.03731349586861], [-93.74104622670781, 30.021531877531917], [-93.7869959217043, 29.990608436196503], [-93.807870211717, 29.9545666321573], [-93.81653501134491, 29.920764111801002], [-93.83031991984386, 29.89431923783141], [-93.85434504608489, 29.86499528484093], [-93.84108527695733, 29.912873302632658], [-93.83977242852886, 29.9439033765244], [-93.86012157917017, 29.97738599921171], [-93.90344557730972, 29.985490073492713], [-93.91381707989464, 29.995940064012956], [-93.93101539430762, 29.99114159897815], [-93.95438409633441, 30.001165059273077], [-93.95753493256274, 30.011828314905976], [-93.99678910057403, 30.013107905581926], [-93.9986270883739, 30.029102789031278], [-94.03197343845707, 30.028036463467988], [-94.03157958392853, 30.060666025704663], [-94.05783655249796, 30.074848155696422], [-94.083568381696, 30.076874174266674], [-94.09354602975237, 30.08369865787173], [-94.08724435729572, 30.104918536581202], [-94.07372201848246, 30.114088936425496], [-94.07962983641058, 30.127098108297638], [-94.1083812169941, 30.137974629043196], [-94.1158644530364, 30.160367465872287], [-94.11008791995111, 30.188305195630488], [-94.09118290258112, 30.204619976748827], [-94.11704601662201, 30.215496497494385], [-94.1175711559934, 30.241621473794993]]]}}, {"type": "Feature", "properties": {"name": "Gonzales", "id": "48177"}, "geometry": {"type": "Polygon", "coordinates": [[[-97.84041544460976, 29.376831441966726], [-97.75389873317349, 29.48858236099953], [-97.74654678197405, 29.50031194219572], [-97.63311667775412, 29.64981078616899], [-97.61696864208392, 29.644799056021526], [-97.61749378145531, 29.63360263760698], [-97.59780105502824, 29.630723558586098], [-97.31790177007814, 29.784700969925186], [-97.13055829933526, 29.64330620023292], [-97.1426365048772, 29.62805774467787], [-97.20407781132967, 29.580606257111462], [-97.20237110837266, 29.507562956026092], [-97.24004985826978, 29.384508986022414], [-97.33523136933395, 29.31509119185223], [-97.61316138164136, 29.10971688836256], [-97.72842947366114, 29.221787705064347], [-97.85879532260836, 29.3528391167927], [-97.84041544460976, 29.376831441966726]]]}}, {"type": "Feature", "properties": {"name": "Fannin", "id": "48147"}, "geometry": {"type": "Polygon", "coordinates": [[[-96.38459782227781, 33.397838508577344], [-96.37934642856393, 33.725840251845376], [-96.36963135019325, 33.716776484557414], [-96.36214811415095, 33.691824466376424], [-96.34271795740958, 33.687026001341614], [-96.3210559583398, 33.69513007562262], [-96.31002803154064, 33.710485163734], [-96.30175708644127, 33.75377798160358], [-96.29243586259912, 33.76646725580673], [-96.27720682082885, 33.76977286505293], [-96.22902528350396, 33.74801982356181], [-96.19988004839189, 33.752071860702316], [-96.17808676447926, 33.7604958326523], [-96.16942196485135, 33.770092762721916], [-96.16207001365191, 33.79611110646619], [-96.17585492215086, 33.81466517126744], [-96.14881024452436, 33.81914373863326], [-96.14802253546728, 33.83780443599083], [-96.12294713048347, 33.83993708711742], [-96.09931585877098, 33.83044678960413], [-96.10010356782807, 33.84793452884209], [-96.04877119427483, 33.83641821275856], [-96.01962595916277, 33.840576882455395], [-95.99835781462153, 33.85102687297564], [-95.98890530593654, 33.86691512386866], [-95.9721008460521, 33.85635850079208], [-95.94124890798302, 33.861583496052205], [-95.93520980521205, 33.88706867701484], [-95.90540814588576, 33.87565899348763], [-95.88125173480188, 33.86062380304524], [-95.85945845088926, 33.85241309620791], [-95.8456735423903, 33.84079014756805], [-95.85499476623245, 33.827994240808565], [-95.85775174793224, 33.46171140981842], [-95.85867074183217, 33.409568089773536], [-96.29545541398461, 33.35198650935587], [-96.38446653743497, 33.34110998861031], [-96.38459782227781, 33.397838508577344]]]}}, {"type": "Feature", "properties": {"name": "Kerr", "id": "48265"}, "geometry": {"type": "Polygon", "coordinates": [[[-99.75415459879251, 30.29067244970634], [-99.30174703034128, 30.286620412565835], [-99.30095932128418, 30.134349122128008], [-98.92010199218463, 30.138294526712183], [-98.91773886501339, 29.78139536067899], [-99.17702642963648, 29.895065665725713], [-99.27864089800018, 29.90412943301368], [-99.60278317498977, 29.907648307372536], [-99.69126915906874, 29.908608000379495], [-99.68982502579742, 30.07399509524579], [-99.75756800470654, 30.07410172780212], [-99.75415459879251, 30.29067244970634]]]}}, {"type": "Feature", "properties": {"name": "Brazos", "id": "48041"}, "geometry": {"type": "Polygon", "coordinates": [[[-96.5669524689925, 30.695662898643917], [-96.45759219490083, 30.744500609442603], [-96.42345813576057, 30.792698524903315], [-96.41019836663301, 30.825861249921637], [-96.38735480397762, 30.86403570508742], [-96.36569280490784, 30.88450915590259], [-96.36188554446527, 30.896878532436755], [-96.33799170306708, 30.920550959941796], [-96.26315934264422, 30.96416367548036], [-96.24097220420305, 30.97376060554997], [-96.23178226520375, 30.954780010523407], [-96.20749456927703, 30.94710246646772], [-96.19817334543488, 30.931854010912673], [-96.21313981751945, 30.911380560097502], [-96.19357837593523, 30.882376504776012], [-96.19567893342078, 30.870966821248807], [-96.17690520089364, 30.858064281932997], [-96.17467335856524, 30.82980665450581], [-96.16837168610857, 30.82298217090075], [-96.17388564950815, 30.801122496853306], [-96.18333815819315, 30.797283724825462], [-96.1625951530233, 30.769559260179918], [-96.17020967390843, 30.74887254425209], [-96.1625951530233, 30.739808776964125], [-96.16456442566601, 30.72210777261351], [-96.17795547963642, 30.709738396079345], [-96.17270408592253, 30.67988128030722], [-96.16403928629462, 30.65876803415408], [-96.18832698222134, 30.599373700278818], [-96.18228787945037, 30.586257895850352], [-96.16193872880908, 30.570582910069987], [-96.16154487428052, 30.541792119861157], [-96.15261750496693, 30.52089213882067], [-96.13213706948277, 30.490501860266903], [-96.13988287521074, 30.4724809582473], [-96.12938008778298, 30.4658697397549], [-96.12176556689785, 30.44347690292581], [-96.10469853732772, 30.444010065707452], [-96.08001698687245, 30.430041200828352], [-96.08789407744328, 30.41724529406887], [-96.10351697374209, 30.421190698653046], [-96.12176556689785, 30.383869303937892], [-96.14723482641018, 30.382802978374603], [-96.14158957816777, 30.3655285042493], [-96.15458677760962, 30.330339760660728], [-96.14986052326714, 30.368834113495502], [-96.1583940380522, 30.378324411008784], [-96.1765113463651, 30.376085127325872], [-96.17861190385065, 30.39474582468345], [-96.19318452140669, 30.399650922274585], [-96.19948619386335, 30.38290961093093], [-96.2686733060438, 30.358704020644247], [-96.28574033561392, 30.36467544379867], [-96.29913138958433, 30.379177471459414], [-96.30635205594092, 30.391760113106237], [-96.29519284429891, 30.412340196477736], [-96.27904480862871, 30.4074350988866], [-96.27208671195783, 30.416178968505584], [-96.29086044448496, 30.444010065707452], [-96.32250009161112, 30.458725358480855], [-96.32998332765341, 30.477919218620077], [-96.35190789640887, 30.50127174845613], [-96.35886599307977, 30.541792119861157], [-96.37658944686414, 30.54669721745229], [-96.3836788283779, 30.533474780467493], [-96.41361177254703, 30.539872733847233], [-96.42372070544627, 30.56045281721873], [-96.42306428123203, 30.5875374865263], [-96.4382933230023, 30.575168109992134], [-96.4522095163441, 30.597027784039582], [-96.47137710339977, 30.607264509447166], [-96.48503072705589, 30.603852267644637], [-96.49999719914045, 30.612809402376275], [-96.51049998656822, 30.627844592818665], [-96.5666898993068, 30.629337448607274], [-96.56879045679236, 30.63562876943068], [-96.60174295234698, 30.640533867021816], [-96.582837934977, 30.66377976430154], [-96.58415078340548, 30.683186889553422], [-96.5669524689925, 30.695662898643917]]]}}, {"type": "Feature", "properties": {"name": "Dimmit", "id": "48127"}, "geometry": {"type": "Polygon", "coordinates": [[[-100.11440020756507, 28.648104552014274], [-99.52676925098126, 28.64255965908517], [-99.40900674694738, 28.640533640514917], [-99.39574697781983, 28.640746905627573], [-99.39417155970565, 28.204619750241925], [-100.11374378335083, 28.19779526663687], [-100.11440020756507, 28.648104552014274]]]}}, {"type": "Feature", "properties": {"name": "Nolan", "id": "48353"}, "geometry": {"type": "Polygon", "coordinates": [[[-100.66067643865202, 32.52526430013706], [-100.14656499406262, 32.52281175134149], [-100.14866555154816, 32.40498277659793], [-100.15194767261934, 32.08263255881534], [-100.23518226298444, 32.082419293702685], [-100.2504113047547, 32.08156623325205], [-100.66540269299452, 32.085405005279895], [-100.66067643865202, 32.52526430013706]]]}}, {"type": "Feature", "properties": {"name": "Jim Hogg", "id": "48247"}, "geometry": {"type": "Polygon", "coordinates": [[[-98.95462990585344, 27.269345598680182], [-98.79813837317964, 27.26795937544791], [-98.79826965802249, 27.354011848405417], [-98.75061326006897, 27.354331746074404], [-98.62497366546427, 27.357743987876933], [-98.62497366546427, 27.338016964956065], [-98.58952675789553, 27.338230230068724], [-98.58952675789553, 27.358703680883895], [-98.5526357170555, 27.35913021110921], [-98.55250443221264, 27.343775122997833], [-98.5223089183578, 27.343241960216186], [-98.52322791225772, 27.265186928983354], [-98.49290111356004, 27.235009915542243], [-98.49290111356004, 27.14202632642335], [-98.46730056920485, 27.14202632642335], [-98.46651286014776, 27.054694262789887], [-98.41793746829433, 27.055334058127862], [-98.42266372263683, 26.783527672045217], [-98.95423605132488, 26.785660323171797], [-98.95462990585344, 27.269345598680182]]]}}, {"type": "Feature", "properties": {"name": "Jefferson", "id": "48245"}, "geometry": {"type": "Polygon", "coordinates": [[[-94.44486426921132, 30.11302261086221], [-94.39917714390052, 30.097454257638173], [-94.37567715703088, 30.109183838834362], [-94.36412409086033, 30.101612927335005], [-94.34180566757632, 30.103212415679938], [-94.33156544983424, 30.113982303869168], [-94.29257385150865, 30.117714443340684], [-94.27655710068129, 30.140000647613448], [-94.27563810678136, 30.170071028498228], [-94.23493980549875, 30.165912358801396], [-94.21314652158613, 30.182120507363408], [-94.17638676558892, 30.1879852979615], [-94.16903481438948, 30.173483270300757], [-94.1158644530364, 30.160367465872287], [-94.1083812169941, 30.137974629043196], [-94.07962983641058, 30.127098108297638], [-94.07372201848246, 30.114088936425496], [-94.08724435729572, 30.104918536581202], [-94.09354602975237, 30.08369865787173], [-94.083568381696, 30.076874174266674], [-94.05783655249796, 30.074848155696422], [-94.03157958392853, 30.060666025704663], [-94.03197343845707, 30.028036463467988], [-93.9986270883739, 30.029102789031278], [-93.99678910057403, 30.013107905581926], [-93.95753493256274, 30.011828314905976], [-93.95438409633441, 30.001165059273077], [-93.93101539430762, 29.99114159897815], [-93.91381707989464, 29.995940064012956], [-93.90344557730972, 29.985490073492713], [-93.86012157917017, 29.97738599921171], [-93.83977242852886, 29.9439033765244], [-93.84108527695733, 29.912873302632658], [-93.85434504608489, 29.86499528484093], [-93.90068859560992, 29.836950922526402], [-93.92274444920825, 29.81882338795047], [-93.92878355197922, 29.797070346459353], [-93.9223505946797, 29.785020867594174], [-93.89845675328152, 29.77158516549672], [-93.8908422323964, 29.76166833775812], [-93.88887295975368, 29.742261212506243], [-93.8699679423837, 29.735436728901185], [-93.837934440729, 29.690651055243002], [-93.8376718710433, 29.67902810660314], [-93.93167181852185, 29.682760246074654], [-94.00138407007368, 29.68148065539871], [-94.05652370406949, 29.671137297434793], [-94.1337191916636, 29.647251604817093], [-94.35414644280395, 29.562052192310215], [-94.35388387311826, 29.611529698446876], [-94.35795370324652, 29.887494754226353], [-94.44223857235438, 29.887068224001037], [-94.44223857235438, 29.889520772796605], [-94.44486426921132, 30.11302261086221]]]}}, {"type": "Feature", "properties": {"name": "Bell", "id": "48027"}, "geometry": {"type": "Polygon", "coordinates": [[[-97.9071081447761, 31.069410008577094], [-97.80444339766964, 31.122086491403625], [-97.4185972445419, 31.320209781062925], [-97.34337102959049, 31.24418076840034], [-97.27812246269545, 31.27979604221423], [-97.07016727162558, 30.986236614640465], [-97.25029007601186, 30.89517241153549], [-97.25908616048261, 30.889627518606382], [-97.31553864290689, 30.752391418610948], [-97.62484573265475, 30.870327025910832], [-97.76427023575842, 30.898264755669032], [-97.82846852391066, 30.90615556483738], [-97.84041544460976, 30.929294829560774], [-97.88570871539201, 31.000418744632224], [-97.91170311427575, 31.034967692882823], [-97.9138036717613, 31.065891134218237], [-97.9071081447761, 31.069410008577094]]]}}, {"type": "Feature", "properties": {"name": "Bandera", "id": "48019"}, "geometry": {"type": "Polygon", "coordinates": [[[-99.60278317498977, 29.907648307372536], [-99.27864089800018, 29.90412943301368], [-99.17702642963648, 29.895065665725713], [-98.91773886501339, 29.78139536067899], [-98.77883950128111, 29.72018827334614], [-98.80654060312186, 29.69075768779933], [-98.92719137369838, 29.562265457422875], [-98.96473883875267, 29.558853215620346], [-98.98521927423681, 29.564078210880467], [-98.98705726203667, 29.584658294251966], [-98.97616062008036, 29.61323581934814], [-98.98246229253702, 29.622406219192435], [-99.00031703116423, 29.62325927964307], [-99.41176372864717, 29.62752458189623], [-99.6031770295183, 29.62720468422724], [-99.60278317498977, 29.907648307372536]]]}}, {"type": "Feature", "properties": {"name": "Hidalgo", "id": "48215"}, "geometry": {"type": "Polygon", "coordinates": [[[-98.3206553997446, 26.783101141819902], [-97.98548519595585, 26.780968490693322], [-97.985353911113, 26.615794660939684], [-97.95739023958656, 26.611742623799184], [-97.96881202091426, 26.551388596916965], [-97.9639544817289, 26.53347432745369], [-97.98430363237021, 26.53656667158723], [-98.00412764364013, 26.448808077728458], [-97.90828970836172, 26.434945845405686], [-97.86194615883669, 26.43355962217341], [-97.86181487399384, 26.34814694455387], [-97.86181487399384, 26.070049237647815], [-97.86824783129335, 26.05661353555036], [-97.88649642444909, 26.0663170981763], [-97.93546567083108, 26.052668130966186], [-97.95003828838712, 26.06183853081048], [-97.96736788764294, 26.051708437959224], [-97.98128408098474, 26.067170158626933], [-98.0109544554682, 26.06386454938073], [-98.0288091940954, 26.06642373073263], [-98.03918069668032, 26.04125844743898], [-98.0700326347494, 26.04797629848771], [-98.07659687689176, 26.068023219077563], [-98.09103820960495, 26.059172716902257], [-98.10547954231814, 26.06749005629592], [-98.12832310497353, 26.06194516336681], [-98.14657169812928, 26.04936252171999], [-98.15169180700032, 26.058213023895295], [-98.17794877556975, 26.074634437569962], [-98.19698507778259, 26.056187005325043], [-98.22061634949507, 26.076447191027555], [-98.2488425907072, 26.073141581781357], [-98.27720011676219, 26.098840027856646], [-98.26564705059164, 26.120379804235107], [-98.29623641897503, 26.12027317167878], [-98.30293194596022, 26.110036446271195], [-98.32380623597292, 26.12123286468574], [-98.33522801730062, 26.137654278360408], [-98.34573080472839, 26.166018538343923], [-98.354658174042, 26.153009366471785], [-98.38669167569671, 26.15791446406292], [-98.40441512948107, 26.18254658457492], [-98.41806875313716, 26.1846792357015], [-98.44248773390675, 26.199181263362245], [-98.44366929749236, 26.213363393354005], [-98.46506872687644, 26.22232052808564], [-98.49670837400261, 26.212830230572358], [-98.50931171891594, 26.222853690867286], [-98.52664131817176, 26.221574100191336], [-98.54383963258473, 26.234476639507147], [-98.56156308636909, 26.23085113259196], [-98.57613570392513, 26.23522306740145], [-98.58729491556713, 26.254950090322318], [-98.58532564292443, 26.260281718138767], [-98.49198211966011, 26.44539583592593], [-98.39680060859594, 26.625284958452966], [-98.3206553997446, 26.783101141819902]]]}}, {"type": "Feature", "properties": {"name": "Schleicher", "id": "48413"}, "geometry": {"type": "Polygon", "coordinates": [[[-100.9622377226719, 31.08252581300556], [-100.6887713950213, 31.086577850146064], [-100.6820758680361, 31.086257952477077], [-100.11518791662215, 31.08796407337834], [-100.11623819536493, 30.71037819141732], [-100.96053101971488, 30.70611288916416], [-100.96053101971488, 30.85977040283426], [-100.9619751529862, 30.885042318684235], [-100.9622377226719, 31.08252581300556]]]}}, {"type": "Feature", "properties": {"name": "Eastland", "id": "48133"}, "geometry": {"type": "Polygon", "coordinates": [[[-99.11427227475555, 32.51481430961682], [-99.0960236815998, 32.51481430961682], [-98.57626698876797, 32.515134207285804], [-98.47517765977568, 32.513001556159224], [-98.47465252040429, 32.29909664816323], [-98.55119158378417, 32.26145535577909], [-98.92443439199859, 32.078047358893194], [-99.11860467456951, 32.0795402146818], [-99.11427227475555, 32.51481430961682]]]}}, {"type": "Feature", "properties": {"name": "DeWitt", "id": "48123"}, "geometry": {"type": "Polygon", "coordinates": [[[-97.61316138164136, 29.10971688836256], [-97.33523136933395, 29.31509119185223], [-97.24004985826978, 29.384508986022414], [-96.97642989383273, 29.10406536287712], [-97.30595484937905, 28.86403547858052], [-97.31041853403585, 28.877257915565316], [-97.33995762367645, 28.895598715253907], [-97.37146598595977, 28.899224222169092], [-97.41728439611342, 28.925242565913372], [-97.57469492268714, 28.813278381767912], [-97.75508029675912, 29.007136369174052], [-97.63022841121148, 29.098413837391682], [-97.61316138164136, 29.10971688836256]]]}}, {"type": "Feature", "properties": {"name": "Angelina", "id": "48005"}, "geometry": {"type": "Polygon", "coordinates": [[[-95.00334999068306, 31.425669379272314], [-94.8658947602221, 31.526863675228544], [-94.85302884562309, 31.508522875539953], [-94.84003164618122, 31.507669815089322], [-94.82283333176824, 31.48399738758428], [-94.78082218205715, 31.48133157367606], [-94.7653305706012, 31.469921890148854], [-94.75298979537357, 31.47024178781784], [-94.72870209944683, 31.4572326159457], [-94.68629709520721, 31.45083466256596], [-94.66030269632348, 31.452327518354565], [-94.62905690372587, 31.44027803948939], [-94.58428877231499, 31.44422344407356], [-94.58140050577235, 31.433240290771675], [-94.54516588914655, 31.431854067539398], [-94.54240890744674, 31.404982663344487], [-94.53138098064758, 31.398584709964744], [-94.51575808434878, 31.409354598153975], [-94.49593407307886, 31.40572909123879], [-94.4871379886081, 31.390800533352728], [-94.46980838935228, 31.383976049747673], [-94.47072738325221, 31.37235310110781], [-94.44945923871097, 31.321382739182543], [-94.39602630767219, 31.302402144155977], [-94.38539223540157, 31.290032767621813], [-94.38302910823032, 31.27414451672879], [-94.35742856387513, 31.25932259139906], [-94.34771348550444, 31.236929754569967], [-94.32657662580606, 31.22477364314846], [-94.29441183930851, 31.212617531726952], [-94.28784759716615, 31.20131448075608], [-94.26986157369609, 31.196196118052285], [-94.21905433951424, 31.17327011844155], [-94.21957947888563, 31.16441961626624], [-94.20290630384405, 31.153969625745997], [-94.19292865578767, 31.136161988839053], [-94.14382812456283, 31.114728845016923], [-94.12964936153534, 31.099267124349215], [-94.45786146865319, 31.033368204537886], [-94.47269665589492, 31.026117190707517], [-94.48608770986533, 31.039339627692314], [-94.50893127252073, 31.043285032276486], [-94.53374410781883, 31.05682736693027], [-94.56197034903097, 31.05896001805685], [-94.59886138987102, 31.06855694812646], [-94.61960439504087, 31.086257952477077], [-94.65793956915223, 31.0848717292448], [-94.67303732607965, 31.09585488254669], [-94.69837530074915, 31.096281412772004], [-94.7185931665476, 31.106944668404903], [-94.73854846266038, 31.103639059158706], [-94.84291991272386, 31.146611979359296], [-94.8500092942376, 31.15492931875296], [-94.8500092942376, 31.178601746258], [-94.86287520883661, 31.20099458308709], [-94.86051208166538, 31.234903735999715], [-94.87455955985001, 31.249619028773118], [-94.89766569219111, 31.258043000723113], [-94.88795061382042, 31.27649043296803], [-94.90160423747652, 31.31327866490154], [-94.89897854061958, 31.32692763211165], [-94.90948132804735, 31.337057724962907], [-94.94755393247303, 31.338550580751512], [-94.96107627128627, 31.348787306159096], [-94.9580567199008, 31.386961761324883], [-94.97604274337085, 31.407755109809038], [-95.00334999068306, 31.425669379272314]]]}}, {"type": "Feature", "properties": {"name": "Delta", "id": "48119"}, "geometry": {"type": "Polygon", "coordinates": [[[-95.85867074183217, 33.409568089773536], [-95.85775174793224, 33.46171140981842], [-95.82676852502033, 33.4590455959102], [-95.81731601633533, 33.46928232131778], [-95.78003112096674, 33.49082209769624], [-95.75850040673981, 33.4950873999494], [-95.72791103835642, 33.4844241443165], [-95.70782445740082, 33.4877297535627], [-95.68196134335993, 33.47034864688107], [-95.64296974503432, 33.48666342799941], [-95.62104517627886, 33.48708995822472], [-95.59400049865233, 33.48069200484498], [-95.58205357795325, 33.46917568876145], [-95.56577425744021, 33.4770664979298], [-95.52691394395745, 33.445929791481724], [-95.50091954507371, 33.44337061012983], [-95.49015418796026, 33.453713968093744], [-95.47374358260436, 33.448062442608304], [-95.46455364360506, 33.43388031261655], [-95.44945588667764, 33.43473337306718], [-95.41689724565155, 33.41223390368176], [-95.39969893123858, 33.40978135488619], [-95.37291682329776, 33.390907392415954], [-95.33681349151479, 33.38781504828242], [-95.30858725030265, 33.380670667008374], [-95.30661797765995, 33.37800485310015], [-95.30858725030265, 33.377151792649514], [-95.31462635307362, 33.36702169979826], [-95.3435090185, 33.361370174312825], [-95.36963470222658, 33.37000741137547], [-95.38512631368255, 33.36552884400965], [-95.4003553554528, 33.371713532276736], [-95.44131622642112, 33.3627563975451], [-95.45746426209132, 33.368194657917876], [-95.46507878297645, 33.35678497439068], [-95.50183853897364, 33.34782783965904], [-95.52638880458606, 33.34921406289131], [-95.53465974968543, 33.359557420855225], [-95.5568468881266, 33.351026816348906], [-95.5846792748102, 33.35913089062991], [-95.61014853432253, 33.34996049078562], [-95.61592506740782, 33.33833754214576], [-95.67369039826056, 33.302082472993895], [-95.69272670047339, 33.307200835697685], [-95.7103188694149, 33.301655942768576], [-95.73106187458475, 33.30517481712744], [-95.77228531523876, 33.2789432082705], [-95.78672664795194, 33.25399119008951], [-95.81022663482157, 33.24194171122433], [-95.84501711817607, 33.23319784160535], [-95.8618215780605, 33.21933560928258], [-95.85867074183217, 33.409568089773536]]]}}, {"type": "Feature", "properties": {"name": "Zavala", "id": "48507"}, "geometry": {"type": "Polygon", "coordinates": [[[-100.11138065617958, 29.086364358526506], [-99.41386428613272, 29.091376088673968], [-99.40900674694738, 28.640533640514917], [-99.52676925098126, 28.64255965908517], [-100.11440020756507, 28.648104552014274], [-100.11138065617958, 29.086364358526506]]]}}, {"type": "Feature", "properties": {"name": "Rockwall", "id": "48397"}, "geometry": {"type": "Polygon", "coordinates": [[[-96.51680165902489, 32.982291436563195], [-96.29716211694162, 32.98175827378155], [-96.29729340178447, 32.841749727321556], [-96.29742468662732, 32.81413189523234], [-96.51903350135329, 32.8135987324507], [-96.51680165902489, 32.982291436563195]]]}}, {"type": "Feature", "properties": {"name": "Grayson", "id": "48181"}, "geometry": {"type": "Polygon", "coordinates": [[[-96.94465896186372, 33.94923545735465], [-96.922077968894, 33.959578815318565], [-96.90527350900958, 33.9472094387844], [-96.89949697592431, 33.933773736686945], [-96.89568971548174, 33.896452341971795], [-96.88295508572556, 33.867981449431944], [-96.86641319552682, 33.85315952410221], [-96.84160036022871, 33.852946258989554], [-96.83214785154372, 33.874805933037], [-96.79433781680375, 33.868834509882575], [-96.77963391440485, 33.85795798913702], [-96.76939369666279, 33.82746107802692], [-96.7616478909348, 33.82436873389338], [-96.71241607486712, 33.83161974772376], [-96.69075407579734, 33.849960547412344], [-96.68222056101229, 33.87384624003004], [-96.68090771258382, 33.89623907685913], [-96.67342447654153, 33.912233960308484], [-96.65990213772827, 33.916712527674306], [-96.62826249060211, 33.89442632340154], [-96.59294686787624, 33.89559928152116], [-96.59741055253303, 33.87512583070599], [-96.61198317008906, 33.86904777499524], [-96.62891891481635, 33.85241309620791], [-96.62314238173107, 33.841429942906025], [-96.5870390499481, 33.827994240808565], [-96.57299157176347, 33.81914373863326], [-96.52664802223842, 33.820849859534526], [-96.51653908933919, 33.803148855183906], [-96.51588266512496, 33.78779376707253], [-96.50025976882614, 33.77254531151748], [-96.459167613015, 33.775211125425706], [-96.45050281338709, 33.78054275324216], [-96.42267042670349, 33.776064185876336], [-96.41334920286134, 33.75772338618775], [-96.37934642856393, 33.725840251845376], [-96.38459782227781, 33.397838508577344], [-96.83411712418642, 33.40551605263303], [-96.84107522085732, 33.41340686180138], [-96.94387125280663, 33.41639257337859], [-96.94465896186372, 33.94923545735465]]]}}, {"type": "Feature", "properties": {"name": "Crosby", "id": "48107"}, "geometry": {"type": "Polygon", "coordinates": [[[-101.56352230291179, 33.83044678960413], [-101.04113991322302, 33.833645766294005], [-101.03877678605178, 33.39719871323937], [-101.5568267759266, 33.3947461644438], [-101.56352230291179, 33.83044678960413]]]}}, {"type": "Feature", "properties": {"name": "McLennan", "id": "48309"}, "geometry": {"type": "Polygon", "coordinates": [[[-97.27720346879552, 31.745460415703015], [-97.03721477607095, 31.86307612533391], [-96.93218690179324, 31.708885448882164], [-96.8011646286318, 31.522278475306397], [-96.87022045596939, 31.486769834048836], [-97.27812246269545, 31.27979604221423], [-97.34337102959049, 31.24418076840034], [-97.4185972445419, 31.320209781062925], [-97.60528429107052, 31.587750864892406], [-97.58020888608672, 31.598840650750624], [-97.27720346879552, 31.745460415703015]]]}}, {"type": "Feature", "properties": {"name": "Stonewall", "id": "48433"}, "geometry": {"type": "Polygon", "coordinates": [[[-100.51744467510579, 33.397838508577344], [-99.99099245528876, 33.397411978352025], [-99.9888918978032, 32.96011186484676], [-100.14420186689136, 32.96000523229043], [-100.5191513780628, 32.96288431131131], [-100.51744467510579, 33.397838508577344]]]}}, {"type": "Feature", "properties": {"name": "McMullen", "id": "48311"}, "geometry": {"type": "Polygon", "coordinates": [[[-98.80089535487943, 28.64735812411997], [-98.6323256166637, 28.648317817126934], [-98.33509673245777, 28.648317817126934], [-98.33496544761493, 28.612702543313045], [-98.33430902340069, 28.05778672017688], [-98.80338976689353, 28.05746682250789], [-98.80010764582235, 28.202380466559017], [-98.80168306393651, 28.625285184959868], [-98.80089535487943, 28.64735812411997]]]}}, {"type": "Feature", "properties": {"name": "Lamar", "id": "48277"}, "geometry": {"type": "Polygon", "coordinates": [[[-95.8456735423903, 33.84079014756805], [-95.82072942224936, 33.840576882455395], [-95.8205981374065, 33.85849115191866], [-95.80090541097944, 33.86126359838322], [-95.77202274555306, 33.84377585914526], [-95.75351158271161, 33.856465133348415], [-95.76257023686807, 33.874379402811684], [-95.75639984925425, 33.89261356994395], [-95.72843617772781, 33.89367989550723], [-95.71360099048609, 33.885149291000914], [-95.68484960990256, 33.89026765370471], [-95.67001442266084, 33.905836006928745], [-95.63693064226335, 33.90658243482305], [-95.60371557702302, 33.92716251819455], [-95.59964574689477, 33.934200266912256], [-95.56341113026896, 33.93217424834201], [-95.54910108239862, 33.907968658055324], [-95.5521206337841, 33.88845490024711], [-95.53334690125696, 33.88120388641674], [-95.51010948407301, 33.89016102114838], [-95.50603965394475, 33.87640542138194], [-95.49199217576012, 33.874805933037], [-95.4699363221618, 33.886108984007876], [-95.46337208001944, 33.872353384241435], [-95.40783859149509, 33.86627532853068], [-95.33917661868604, 33.868834509882575], [-95.33458164918639, 33.88578908633889], [-95.3095062442026, 33.88035082596611], [-95.31042523810251, 33.87501919814966], [-95.30858725030265, 33.380670667008374], [-95.33681349151479, 33.38781504828242], [-95.37291682329776, 33.390907392415954], [-95.39969893123858, 33.40978135488619], [-95.41689724565155, 33.41223390368176], [-95.44945588667764, 33.43473337306718], [-95.46455364360506, 33.43388031261655], [-95.47374358260436, 33.448062442608304], [-95.49015418796026, 33.453713968093744], [-95.50091954507371, 33.44337061012983], [-95.52691394395745, 33.445929791481724], [-95.56577425744021, 33.4770664979298], [-95.58205357795325, 33.46917568876145], [-95.59400049865233, 33.48069200484498], [-95.62104517627886, 33.48708995822472], [-95.64296974503432, 33.48666342799941], [-95.68196134335993, 33.47034864688107], [-95.70782445740082, 33.4877297535627], [-95.72791103835642, 33.4844241443165], [-95.75850040673981, 33.4950873999494], [-95.78003112096674, 33.49082209769624], [-95.81731601633533, 33.46928232131778], [-95.82676852502033, 33.4590455959102], [-95.85775174793224, 33.46171140981842], [-95.85499476623245, 33.827994240808565], [-95.8456735423903, 33.84079014756805]]]}}, {"type": "Feature", "properties": {"name": "Leon", "id": "48289"}, "geometry": {"type": "Polygon", "coordinates": [[[-96.31921797053994, 31.35710464555276], [-96.32289394613966, 31.374059222009073], [-96.23663980438909, 31.41340663529448], [-95.78725178732333, 31.618354408558833], [-95.76729649121057, 31.59756106007468], [-95.74865404352627, 31.617714613220862], [-95.75731884315418, 31.64351969185248], [-95.7356568440844, 31.653863049816394], [-95.71005629972922, 31.61558196209428], [-95.71163171784337, 31.603212585560115], [-95.72935517162774, 31.582952399857604], [-95.71793339030005, 31.57250240933736], [-95.71845852967144, 31.553628446867126], [-95.75101717069752, 31.55192232596586], [-95.7587629764255, 31.533261628608283], [-95.73696969251287, 31.51854633583488], [-95.73933281968412, 31.504044308174137], [-95.74182723169822, 31.48655656893618], [-95.72554791118517, 31.462350978649493], [-95.71110657847198, 31.454140271812157], [-95.71163171784337, 31.423643360702062], [-95.69837194871582, 31.406368886576765], [-95.69167642173062, 31.374912282459704], [-95.66213733209001, 31.35699801299643], [-95.65714850806181, 31.317970497380013], [-95.6718524104607, 31.316051111366093], [-95.67106470140361, 31.296217455888897], [-95.69075742783068, 31.297390414008515], [-95.70349205758686, 31.282461856122453], [-95.72528534149949, 31.27105217259525], [-95.72370992338531, 31.24610015441426], [-95.72791103835642, 31.224667010592132], [-95.74799761931203, 31.208352229473793], [-95.74537192245509, 31.181907355504197], [-95.7286987474135, 31.164099718597253], [-95.74944175258335, 31.155249216421947], [-95.75745012799703, 31.141600249211834], [-95.77556743630993, 31.136055356282725], [-95.76440822466793, 31.094255394201753], [-95.97525168228043, 31.09201611051884], [-96.00807289299222, 31.07314214804861], [-96.04890247911769, 31.068130417901145], [-96.0754220173728, 31.049149822874583], [-96.17086609812267, 30.9944473214778], [-96.19305323656384, 30.991141712231602], [-96.24097220420305, 30.97376060554997], [-96.23834650734611, 30.997752930723998], [-96.26027107610157, 31.006176902673992], [-96.24320404653145, 31.06109266918343], [-96.26919844541519, 31.077833980527085], [-96.28075151158573, 31.096068147659345], [-96.27694425114316, 31.116328333361857], [-96.29584926851315, 31.13989412831057], [-96.30057552285565, 31.15898135589346], [-96.29716211694162, 31.18094766249724], [-96.31173473449766, 31.19811550406621], [-96.3140978616689, 31.228399150063645], [-96.33116489123903, 31.252498107794004], [-96.31475428588314, 31.2657205447788], [-96.3280140550107, 31.286513893262956], [-96.326044782368, 31.31071948354964], [-96.31724869789724, 31.325541408879374], [-96.31921797053994, 31.35710464555276]]]}}, {"type": "Feature", "properties": {"name": "Sutton", "id": "48435"}, "geometry": {"type": "Polygon", "coordinates": [[[-100.96053101971488, 30.70611288916416], [-100.11623819536493, 30.71037819141732], [-100.11650076505062, 30.290245919481023], [-100.70045574603469, 30.2883265334671], [-100.96066230455773, 30.287793370685456], [-100.96053101971488, 30.70611288916416]]]}}, {"type": "Feature", "properties": {"name": "Fort Bend", "id": "48157"}, "geometry": {"type": "Polygon", "coordinates": [[[-96.08894435618606, 29.60161287070828], [-96.02487735287666, 29.602892461384226], [-96.01647512293444, 29.627098051670913], [-96.01752540167722, 29.6454388513595], [-96.03183544954756, 29.655568944210756], [-96.0160812684059, 29.663673018491764], [-96.02960360721914, 29.675189334575293], [-96.04378237024665, 29.665805669618344], [-96.05717342421705, 29.681907185624024], [-96.03209801923325, 29.688518404116422], [-96.01660640777729, 29.680094432166428], [-96.00754775362083, 29.702913799220838], [-96.01161758374909, 29.71986837567715], [-96.03236058891895, 29.717522459437912], [-96.03275444344749, 29.727972449958155], [-95.97091928246648, 29.7285056127398], [-95.97131313699502, 29.74044845904865], [-95.95096398635371, 29.740768356717638], [-95.82624338564894, 29.788326476840375], [-95.62183288533593, 29.67358984623036], [-95.5978077590949, 29.661007204583537], [-95.42411791200814, 29.580179726886147], [-95.46245308611951, 29.439211487419197], [-95.55067650051278, 29.438251794412235], [-95.55592789422667, 29.425349255096425], [-95.54581896132744, 29.40775488330214], [-95.54752566428445, 29.395172241655317], [-95.56734967555437, 29.389733981282536], [-95.58047815983909, 29.360836558517374], [-95.57955916593916, 29.340149842589547], [-95.590849662424, 29.327460568386396], [-95.60502842545151, 29.330766177632594], [-95.64060661786307, 29.29664375960731], [-95.65439152636202, 29.290992234121873], [-95.67277140436062, 29.299522838628196], [-95.75285515849738, 29.324474856809182], [-95.78396966625215, 29.296217229381995], [-95.7977545747511, 29.307946810578187], [-95.84764281503301, 29.262627974138358], [-95.87429363813098, 29.26657337872253], [-95.89753105531493, 29.299309573515536], [-95.89451150392944, 29.3149845592959], [-95.91656735752777, 29.319356494105392], [-95.92300031482728, 29.32927332184399], [-95.9467628713826, 29.33343199154082], [-95.95332711352496, 29.34505494018068], [-95.93954220502602, 29.352519219123714], [-95.947288010754, 29.372566139713566], [-95.96842487045238, 29.383442660459124], [-95.97341369448057, 29.411487022773656], [-95.98207849410849, 29.41074059487935], [-95.9929751360648, 29.433666594490088], [-96.00387177802111, 29.42886812945528], [-96.04798348521776, 29.461817589360948], [-96.05966783623114, 29.47333390544448], [-96.05966783623114, 29.491887970245728], [-96.03551142514728, 29.492314500471043], [-96.02238294086256, 29.502018063096983], [-96.03656170389004, 29.51086856527229], [-96.05389130314587, 29.51204152339191], [-96.0553354364172, 29.532941504432397], [-96.04115667338971, 29.540512415931758], [-96.04457007930372, 29.562265457422875], [-96.06006169075968, 29.568663410802614], [-96.0595365513883, 29.58849706627981], [-96.08894435618606, 29.60161287070828]]]}}, {"type": "Feature", "properties": {"name": "Parker", "id": "48367"}, "geometry": {"type": "Polygon", "coordinates": [[[-98.05611644140761, 33.00329805016001], [-97.92168076233213, 33.00127203158976], [-97.679591512122, 32.99636693399862], [-97.5442368391466, 32.99412765031571], [-97.54817538443201, 32.77606407262289], [-97.55053851160326, 32.55544131357817], [-97.61709992692677, 32.55544131357817], [-98.06688179852107, 32.55885355538069], [-98.05611644140761, 33.00329805016001]]]}}, {"type": "Feature", "properties": {"name": "Kinney", "id": "48271"}, "geometry": {"type": "Polygon", "coordinates": [[[-100.79511211772748, 29.24172799309787], [-100.74561773197412, 29.25484379752634], [-100.73905348983176, 29.2903524387839], [-100.7486372833596, 29.304961099000973], [-100.74509259260273, 29.32810036372437], [-100.71214009704809, 29.33791055890664], [-100.70636356396282, 29.363928902650915], [-100.71069596377677, 29.36979369324901], [-100.70610099427712, 29.401463562478728], [-100.69914289760622, 29.419697729610988], [-100.69993060666332, 29.62389907498104], [-100.11203708039382, 29.62325927964307], [-100.11138065617958, 29.086364358526506], [-100.66829095953715, 29.084018442287267], [-100.67459263199382, 29.09980006062396], [-100.69231608577817, 29.115261781291665], [-100.72750042366121, 29.129124013614437], [-100.7461428713455, 29.154182664351755], [-100.75966521015876, 29.15716837592897], [-100.77594453067181, 29.173376524490976], [-100.7670171613582, 29.195236198538424], [-100.79511211772748, 29.24172799309787]]]}}, {"type": "Feature", "properties": {"name": "Harrison", "id": "48203"}, "geometry": {"type": "Polygon", "coordinates": [[[-94.70218256119172, 32.79312528163553], [-94.50656814534948, 32.69374373913689], [-94.38105983558762, 32.694810064700185], [-94.32775818939167, 32.718482492205226], [-94.31686154743537, 32.72893248272547], [-94.29191742729441, 32.72733299438053], [-94.28207106408087, 32.74748654752671], [-94.2415040476411, 32.74801971030836], [-94.2283755633564, 32.72861258505648], [-94.23283924801319, 32.718482492205226], [-94.21183367315766, 32.70280750642486], [-94.18623312880246, 32.69672945071411], [-94.1362136036777, 32.74002226858369], [-94.10050412642327, 32.73533043610521], [-94.0905264783669, 32.7231743246837], [-94.09630301145216, 32.70227434364321], [-94.08041754546767, 32.689158539214745], [-94.04313265009907, 32.69299731124259], [-94.04287008041338, 32.392293502394786], [-94.35060175204708, 32.32660784769612], [-94.36727492708866, 32.34590834039167], [-94.37882799325921, 32.342389466032806], [-94.3838168172874, 32.366488423763165], [-94.40219669528601, 32.369367502784044], [-94.44053186939738, 32.362116488953674], [-94.45602348085333, 32.36926087022772], [-94.4918642429506, 32.39410625585238], [-94.51798992667719, 32.38813483269795], [-94.52547316271946, 32.4018904324644], [-94.55501225236007, 32.40764859050616], [-94.57916866344395, 32.39495931630301], [-94.59873010502817, 32.39965114878149], [-94.64244795769628, 32.398264925549206], [-94.67185576249403, 32.42183072049792], [-94.69312390703527, 32.42737561342703], [-94.70205127634887, 32.42183072049792], [-94.70178870666318, 32.65215704216858], [-94.70218256119172, 32.79312528163553]]]}}, {"type": "Feature", "properties": {"name": "Washington", "id": "48477"}, "geometry": {"type": "Polygon", "coordinates": [[[-96.79460038648944, 30.160580730984947], [-96.74156130997919, 30.197475595474785], [-96.74366186746475, 30.21816231140261], [-96.73447192846544, 30.241194943569678], [-96.71845517763809, 30.2504719759703], [-96.70755853568178, 30.24535361326651], [-96.68524011239776, 30.256016868899408], [-96.65793286508557, 30.287793370685456], [-96.64086583551543, 30.29675050541709], [-96.60594406731809, 30.30208213323354], [-96.56787146289243, 30.31327855164809], [-96.56235749949285, 30.322448951492383], [-96.54095807010876, 30.317970384126564], [-96.51286311373947, 30.32596782585124], [-96.49605865385504, 30.324368337506304], [-96.49054469045547, 30.33556475592085], [-96.46231844924333, 30.336311183815155], [-96.42280171154634, 30.34334893253287], [-96.3605726960368, 30.36787442048854], [-96.34048611508118, 30.36787442048854], [-96.31278501324043, 30.384295834163208], [-96.29913138958433, 30.379177471459414], [-96.28574033561392, 30.36467544379867], [-96.2686733060438, 30.358704020644247], [-96.19948619386335, 30.38290961093093], [-96.19318452140669, 30.399650922274585], [-96.17861190385065, 30.39474582468345], [-96.1765113463651, 30.376085127325872], [-96.1583940380522, 30.378324411008784], [-96.14986052326714, 30.368834113495502], [-96.15458677760962, 30.330339760660728], [-96.12045271846937, 30.30570764014873], [-96.09445831958564, 30.309333147063914], [-96.10062870719946, 30.29280510083292], [-96.08592480480057, 30.288966328805074], [-96.09918457392814, 30.255163808448778], [-96.0846119563721, 30.251218403864605], [-96.09314547115717, 30.225200060120326], [-96.11375719148417, 30.227226078690578], [-96.12819852419736, 30.21165772546654], [-96.14513426892464, 30.218588841627927], [-96.15905046226644, 30.20664599531908], [-96.15458677760962, 30.177108777215942], [-96.15996945616637, 30.161860321660896], [-96.15012309295282, 30.155462368281153], [-96.15484934729533, 30.141386870845725], [-96.19174038813537, 30.13840115926851], [-96.17887447353635, 30.118460871234987], [-96.17283537076538, 30.099373643652093], [-96.14355885081046, 30.084978248547678], [-96.14605326282457, 30.070262955774275], [-96.15944431679497, 30.053841542099608], [-96.17979346743628, 30.06205224893694], [-96.21379624173369, 30.068983365098326], [-96.22863142897542, 30.075594583590725], [-96.25935208220164, 30.075701216147053], [-96.27248056648637, 30.09446854606096], [-96.28784089309947, 30.0968144623002], [-96.51877093166759, 30.06525122562681], [-96.58585748636249, 30.064718062845166], [-96.59412843146185, 30.071009383668578], [-96.62196081814545, 30.044244612029996], [-96.62379880594531, 30.06674408141542], [-96.63430159337308, 30.075701216147053], [-96.63364516915884, 30.10609149470082], [-96.65307532590022, 30.12997718731852], [-96.6471675079721, 30.14522564287357], [-96.6834021245979, 30.151090433471666], [-96.68707810019762, 30.164312870456463], [-96.71504177172407, 30.14501237776091], [-96.73539092236538, 30.14735829400015], [-96.76689928464869, 30.1387210569375], [-96.77306967226251, 30.14949094512673], [-96.79460038648944, 30.160580730984947]]]}}, {"type": "Feature", "properties": {"name": "Reagan", "id": "48383"}, "geometry": {"type": "Polygon", "coordinates": [[[-101.77580989379562, 31.6513038684645], [-101.26708112776295, 31.650877338239184], [-101.26760626713434, 31.55650752588801], [-101.26800012166288, 31.528676428686136], [-101.27482693349094, 31.07932683631569], [-101.77620374832416, 31.079753366541006], [-101.77580989379562, 31.6513038684645]]]}}, {"type": "Feature", "properties": {"name": "Coleman", "id": "48083"}, "geometry": {"type": "Polygon", "coordinates": [[[-99.72172724260928, 31.57676771159052], [-99.71398143688128, 32.0820993960337], [-99.63140327073043, 32.08124633558306], [-99.19593144700647, 32.07922031701281], [-99.20275825883452, 31.467256076240627], [-99.23846773608895, 31.48314432713365], [-99.2723392255435, 31.454566802037476], [-99.27142023164357, 31.446889257981788], [-99.3026660242412, 31.432493862877372], [-99.31487551462598, 31.40988776093562], [-99.3669955972363, 31.43782549069382], [-99.40231121996217, 31.446249462643813], [-99.3987665292053, 31.460111694966585], [-99.41688383751821, 31.46139128564253], [-99.44379723030187, 31.475146885408975], [-99.44629164231597, 31.450514764896973], [-99.46939777465707, 31.430147946638133], [-99.49302904636956, 31.44454334174255], [-99.511540209211, 31.424389788596365], [-99.5296575175239, 31.4605382251919], [-99.53727203840904, 31.483570857358966], [-99.57258766113492, 31.493700950210222], [-99.60186418108984, 31.491994829308958], [-99.61433624116032, 31.50159175937857], [-99.62470774374523, 31.493487685097563], [-99.6081658535465, 31.480798410894412], [-99.62497031343092, 31.467469341353286], [-99.6466323125007, 31.49167493163997], [-99.66199263911382, 31.49849941524503], [-99.67052615389889, 31.51097542433552], [-99.65254013042883, 31.52750347056652], [-99.67315185075583, 31.547123860931055], [-99.67341442044152, 31.55533456776839], [-99.72212109713782, 31.56279884671142], [-99.72172724260928, 31.57676771159052]]]}}, {"type": "Feature", "properties": {"name": "Ochiltree", "id": "48357"}, "geometry": {"type": "Polygon", "coordinates": [[[-101.08512033557682, 36.49924640940658], [-100.85077689109467, 36.4996729396319], [-100.54619605568931, 36.49935304196291], [-100.5467211950607, 36.05650803552854], [-101.08577675979106, 36.057574361091824], [-101.08512033557682, 36.49924640940658]]]}}, {"type": "Feature", "properties": {"name": "Crane", "id": "48103"}, "geometry": {"type": "Polygon", "coordinates": [[[-102.76727302697722, 31.651730398689814], [-102.31801629475432, 31.6513038684645], [-102.3073822224837, 31.19811550406621], [-102.30094926518419, 31.127311486663746], [-102.30121183486987, 31.086257952477077], [-102.38877882504892, 31.087111012927707], [-102.40610842430475, 31.087857440822013], [-102.42015590248938, 31.11824771937578], [-102.43013355054578, 31.12901760756501], [-102.42291288418917, 31.149277793267522], [-102.42960841117439, 31.193530304144062], [-102.4399799137593, 31.209951717818726], [-102.45061398602992, 31.213363959621255], [-102.5023402141117, 31.25292463801932], [-102.52308321928155, 31.262734833201588], [-102.57901056233443, 31.271478702820566], [-102.60067256140421, 31.267106768011075], [-102.61642674254585, 31.28939297228384], [-102.62889880261633, 31.290992460628775], [-102.64097700815827, 31.309653157986354], [-102.66198258301382, 31.31594447880976], [-102.67616134604131, 31.33012660880152], [-102.70832613253886, 31.31114601377496], [-102.7248680227376, 31.308373567310404], [-102.72998813160864, 31.287686851382574], [-102.75322554879259, 31.279156246876255], [-102.76740431182007, 31.29376490709333], [-102.76727302697722, 31.651730398689814]]]}}, {"type": "Feature", "properties": {"name": "Fayette", "id": "48149"}, "geometry": {"type": "Polygon", "coordinates": [[[-97.31580121259259, 29.786513723382782], [-97.19423144811613, 29.896771786626978], [-97.02448014631477, 30.05138899330404], [-97.01909746775804, 30.03198186805216], [-96.84580147519982, 30.11600832243942], [-96.79460038648944, 30.160580730984947], [-96.77306967226251, 30.14949094512673], [-96.76689928464869, 30.1387210569375], [-96.73539092236538, 30.14735829400015], [-96.71504177172407, 30.14501237776091], [-96.68707810019762, 30.164312870456463], [-96.6834021245979, 30.151090433471666], [-96.6471675079721, 30.14522564287357], [-96.65307532590022, 30.12997718731852], [-96.63364516915884, 30.10609149470082], [-96.63430159337308, 30.075701216147053], [-96.62379880594531, 30.06674408141542], [-96.62196081814545, 30.044244612029996], [-96.56984073553514, 29.961497748318685], [-96.71701104436677, 29.792698411649862], [-96.87415900125481, 29.63274957715635], [-97.1426365048772, 29.62805774467787], [-97.13055829933526, 29.64330620023292], [-97.31790177007814, 29.784700969925186], [-97.31580121259259, 29.786513723382782]]]}}, {"type": "Feature", "properties": {"name": "Briscoe", "id": "48045"}, "geometry": {"type": "Polygon", "coordinates": [[[-101.4716229129188, 34.74748677403362], [-101.09076558381925, 34.74823320192792], [-100.94490812341607, 34.74823320192792], [-100.9460896870017, 34.31274584188024], [-101.04153376775157, 34.312425944211256], [-101.4716229129188, 34.31231931165493], [-101.4716229129188, 34.74748677403362]]]}}, {"type": "Feature", "properties": {"name": "Bexar", "id": "48029"}, "geometry": {"type": "Polygon", "coordinates": [[[-98.80654060312186, 29.69075768779933], [-98.77883950128111, 29.72018827334614], [-98.73853505452703, 29.71656276643095], [-98.69993731072998, 29.737462747471437], [-98.64611052516265, 29.745140291527125], [-98.58230609153894, 29.741194886942953], [-98.57456028581096, 29.750471919343575], [-98.54370834774188, 29.75207140768851], [-98.5039290403592, 29.738635705591054], [-98.45745420599131, 29.73159795687334], [-98.44380058233521, 29.719655110564492], [-98.42699612245077, 29.718802050113858], [-98.41609948049447, 29.746526514759402], [-98.37356319141199, 29.730424998753723], [-98.3521637620279, 29.734157138225235], [-98.33877270805749, 29.72200102680373], [-98.34139840491444, 29.709631650269564], [-98.35452688919915, 29.7038734922278], [-98.38012743355435, 29.703980124784128], [-98.38262184556844, 29.67444290668099], [-98.3437615320857, 29.65439598609114], [-98.34573080472839, 29.61974040528421], [-98.31225316980237, 29.601826135820936], [-98.3109403213739, 29.594468489434234], [-98.29820569161774, 29.561092499303253], [-98.27365542600532, 29.551175671564657], [-98.23702695485096, 29.555974136599463], [-98.21917221622375, 29.524091002257087], [-98.20473088351056, 29.522171616243167], [-98.18635100551197, 29.501165002646353], [-98.16836498204191, 29.496153272498887], [-98.16468900644219, 29.478132370479287], [-98.14276443768672, 29.48644970987295], [-98.12254657188825, 29.477919105366627], [-98.12083986893124, 29.450301273277415], [-98.13423092290165, 29.441770668771092], [-98.1396136014584, 29.437398733961604], [-98.32721964188696, 29.2098448587555], [-98.4073033960237, 29.114408720841034], [-98.804702615322, 29.25068512782951], [-98.80562160922193, 29.52270477902481], [-98.80654060312186, 29.69075768779933]]]}}, {"type": "Feature", "properties": {"name": "Lynn", "id": "48305"}, "geometry": {"type": "Polygon", "coordinates": [[[-102.07592704454419, 33.38962780174001], [-101.5568267759266, 33.3947461644438], [-101.55748320014082, 32.96107155785372], [-101.69126245500206, 32.96181798574803], [-102.07618961422988, 32.95968533462144], [-102.07592704454419, 33.38962780174001]]]}}, {"type": "Feature", "properties": {"name": "Mills", "id": "48333"}, "geometry": {"type": "Polygon", "coordinates": [[[-98.99165223153632, 31.484104020140613], [-98.7798897800239, 31.610783497059472], [-98.76006576875398, 31.687878835285346], [-98.66842894844666, 31.70046147693217], [-98.49276982871719, 31.723600741655567], [-98.46375587844797, 31.684040063257505], [-98.27102972914837, 31.41639234687169], [-98.26682861417726, 31.410527556273593], [-98.56274464995472, 31.230531801190224], [-98.57823626141068, 31.263054730870575], [-98.60160496343747, 31.25740320538514], [-98.62457981093573, 31.269452684250314], [-98.6275993623212, 31.277770023643978], [-98.59819155752345, 31.290032767621813], [-98.59622228488074, 31.305814385958506], [-98.62182282923592, 31.30975979054268], [-98.63770829522043, 31.318930190386975], [-98.64466639189133, 31.34334904578632], [-98.64138427082015, 31.355825054876814], [-98.65832001554743, 31.367767901185662], [-98.68352670537409, 31.345801594581886], [-98.6966551896588, 31.339403641202146], [-98.71293451017185, 31.352306180517957], [-98.70295686211546, 31.362223008256553], [-98.70374457117255, 31.38088370561413], [-98.69324178374478, 31.39026737057108], [-98.69521105638748, 31.404236235450185], [-98.73879762421274, 31.411380616724227], [-98.75350152661161, 31.40242348199259], [-98.75980319906827, 31.377897994036918], [-98.77897078612396, 31.380563807945144], [-98.772931683353, 31.408181640034357], [-98.81993165709227, 31.415965816646374], [-98.85144001937557, 31.412553574843844], [-98.86391207944605, 31.43878518370078], [-98.8779595576307, 31.44422344407356], [-98.89200703581534, 31.436119369792557], [-98.92404053747005, 31.433880086109646], [-98.93401818552643, 31.439318346482427], [-98.93572488848345, 31.455739760157094], [-98.96447626906696, 31.45104792767862], [-98.99480306776465, 31.47013515526151], [-98.99165223153632, 31.484104020140613]]]}}, {"type": "Feature", "properties": {"name": "Oldham", "id": "48359"}, "geometry": {"type": "Polygon", "coordinates": [[[-103.0415270636849, 35.62251353126947], [-102.16283761050899, 35.627525261416935], [-102.16270632566615, 35.6200609824739], [-102.16743258000864, 35.18318739919395], [-103.04231477274199, 35.18318739919395], [-103.04231477274199, 35.250046012012234], [-103.0415270636849, 35.62251353126947]]]}}, {"type": "Feature", "properties": {"name": "Sabine", "id": "48403"}, "geometry": {"type": "Polygon", "coordinates": [[[-93.9844483253464, 31.56941006520382], [-93.96961313810468, 31.57239577678103], [-93.89648748063883, 31.611636557510106], [-93.88519698415396, 31.601399832102523], [-93.83491488934351, 31.5862580091038], [-93.81863556883047, 31.554801404986744], [-93.79802384850346, 31.534008056502586], [-93.7808255340905, 31.52537081943994], [-93.74340935387906, 31.52515755432728], [-93.72594846978039, 31.504044308174137], [-93.74944845665003, 31.468642299472904], [-93.70087306479658, 31.43782549069382], [-93.70468032523915, 31.418951528223587], [-93.67409095685576, 31.397731649514114], [-93.66371945427085, 31.359983724573645], [-93.68787586535471, 31.30986642309901], [-93.66897084798472, 31.29792357679016], [-93.64245130972961, 31.269559316806642], [-93.62039545613129, 31.27105217259525], [-93.61396249883177, 31.25932259139906], [-93.61606305631733, 31.233944042992754], [-93.60529769920386, 31.224133847810485], [-93.60726697184657, 31.20536651789658], [-93.60030887517567, 31.176149197462433], [-93.9111913830377, 31.1580216628865], [-94.03906281997081, 31.134242602825132], [-94.04838404381296, 31.145545653796006], [-94.03866896544227, 31.176149197462433], [-94.03853768059943, 31.217735894430746], [-94.02987288097151, 31.240128731259837], [-94.03919410481366, 31.28832664672055], [-94.04707119538449, 31.29589755821991], [-94.03709354732811, 31.332899055266076], [-94.04168851682776, 31.340256701652777], [-94.02265221461492, 31.36382249660149], [-94.02619690537179, 31.381523500952106], [-94.04418292884185, 31.40999439349195], [-94.00020250648807, 31.448382113770393], [-93.98326676176077, 31.46608311812101], [-93.9844483253464, 31.56941006520382]]]}}, {"type": "Feature", "properties": {"name": "Hopkins", "id": "48223"}, "geometry": {"type": "Polygon", "coordinates": [[[-95.8618215780605, 33.21933560928258], [-95.84501711817607, 33.23319784160535], [-95.81022663482157, 33.24194171122433], [-95.78672664795194, 33.25399119008951], [-95.77228531523876, 33.2789432082705], [-95.73106187458475, 33.30517481712744], [-95.7103188694149, 33.301655942768576], [-95.69272670047339, 33.307200835697685], [-95.67369039826056, 33.302082472993895], [-95.61592506740782, 33.33833754214576], [-95.61014853432253, 33.34996049078562], [-95.5846792748102, 33.35913089062991], [-95.5568468881266, 33.351026816348906], [-95.53465974968543, 33.359557420855225], [-95.52638880458606, 33.34921406289131], [-95.50183853897364, 33.34782783965904], [-95.46507878297645, 33.35678497439068], [-95.45746426209132, 33.368194657917876], [-95.44131622642112, 33.3627563975451], [-95.4003553554528, 33.371713532276736], [-95.38512631368255, 33.36552884400965], [-95.36963470222658, 33.37000741137547], [-95.3435090185, 33.361370174312825], [-95.31462635307362, 33.36702169979826], [-95.30858725030265, 33.377151792649514], [-95.3089811048312, 32.962564413642326], [-95.66541945316118, 32.960431762515746], [-95.66778258033243, 32.97951899009864], [-95.86247800227474, 32.97951899009864], [-95.86326571133182, 33.00009907347014], [-95.8618215780605, 33.21933560928258]]]}}, {"type": "Feature", "properties": {"name": "Houston", "id": "48225"}, "geometry": {"type": "Polygon", "coordinates": [[[-95.73933281968412, 31.504044308174137], [-95.64717086000543, 31.52697030778487], [-95.65176582950508, 31.541792233114606], [-95.27314034273392, 31.5928692275962], [-95.2602744281349, 31.577087609259507], [-95.20776049099605, 31.57047639076711], [-95.16850632298475, 31.583698827751906], [-95.16181079599956, 31.573462102344322], [-95.13962365755839, 31.56279884671142], [-95.14343091800096, 31.539659581988026], [-95.12531360968805, 31.53720703319246], [-95.09997563501855, 31.518866233503868], [-95.10036948954709, 31.46821576924759], [-95.06466001229268, 31.47130811338113], [-95.04417957680852, 31.444969871967864], [-95.00755110565416, 31.444649974298876], [-95.00334999068306, 31.425669379272314], [-94.97604274337085, 31.407755109809038], [-94.9580567199008, 31.386961761324883], [-95.43475198427876, 31.05810695760622], [-95.61789434005053, 30.930467787680392], [-95.63863734522037, 30.92673564820888], [-95.6648943137898, 30.970881526529087], [-95.68117363430284, 30.986983042534767], [-95.67106470140361, 30.993274363358182], [-95.65846135649029, 31.016306995525248], [-95.66318761083278, 31.03326157198156], [-95.63469879993495, 31.037313609122062], [-95.62997254559245, 31.051709004226478], [-95.64756471453397, 31.055334511141666], [-95.65649208384758, 31.07932683631569], [-95.67644737996035, 31.075914594513165], [-95.70362334242971, 31.08252581300556], [-95.72344735369963, 31.079859999097337], [-95.76440822466793, 31.094255394201753], [-95.77556743630993, 31.136055356282725], [-95.75745012799703, 31.141600249211834], [-95.74944175258335, 31.155249216421947], [-95.7286987474135, 31.164099718597253], [-95.74537192245509, 31.181907355504197], [-95.74799761931203, 31.208352229473793], [-95.72791103835642, 31.224667010592132], [-95.72370992338531, 31.24610015441426], [-95.72528534149949, 31.27105217259525], [-95.70349205758686, 31.282461856122453], [-95.69075742783068, 31.297390414008515], [-95.67106470140361, 31.296217455888897], [-95.6718524104607, 31.316051111366093], [-95.65714850806181, 31.317970497380013], [-95.66213733209001, 31.35699801299643], [-95.69167642173062, 31.374912282459704], [-95.69837194871582, 31.406368886576765], [-95.71163171784337, 31.423643360702062], [-95.71110657847198, 31.454140271812157], [-95.72554791118517, 31.462350978649493], [-95.74182723169822, 31.48655656893618], [-95.73933281968412, 31.504044308174137]]]}}, {"type": "Feature", "properties": {"name": "Coryell", "id": "48099"}, "geometry": {"type": "Polygon", "coordinates": [[[-98.18004933305531, 31.46373720188177], [-97.76637079324396, 31.67241711461764], [-97.68983172986408, 31.711018100008744], [-97.60528429107052, 31.587750864892406], [-97.4185972445419, 31.320209781062925], [-97.80444339766964, 31.122086491403625], [-97.9071081447761, 31.069410008577094], [-97.93192098007421, 31.105771710285286], [-98.18004933305531, 31.46373720188177]]]}}, {"type": "Feature", "properties": {"name": "Erath", "id": "48143"}, "geometry": {"type": "Polygon", "coordinates": [[[-98.47517765977568, 32.513001556159224], [-98.06858850147808, 32.511615332926944], [-98.02053824899603, 32.40231696268971], [-98.0012393770975, 32.36232975406633], [-97.94557460373031, 32.23351762602089], [-97.94045449485927, 32.2217880448247], [-97.86483442537931, 32.08732439129382], [-98.0054404920686, 32.017906597123634], [-98.20840685911028, 31.917458729061707], [-98.25120571787845, 31.980158672183162], [-98.32748221157264, 31.941237789123075], [-98.55119158378417, 32.26145535577909], [-98.47465252040429, 32.29909664816323], [-98.47517765977568, 32.513001556159224]]]}}, {"type": "Feature", "properties": {"name": "Randall", "id": "48381"}, "geometry": {"type": "Polygon", "coordinates": [[[-102.16743258000864, 35.18318739919395], [-101.62299433672155, 35.183080766637616], [-101.62929600917822, 34.747700039146274], [-101.99846898726437, 34.74823320192792], [-102.16887671327996, 34.74738014147729], [-102.16743258000864, 35.18318739919395]]]}}, {"type": "Feature", "properties": {"name": "Rusk", "id": "48401"}, "geometry": {"type": "Polygon", "coordinates": [[[-94.985363967213, 32.370860358572656], [-94.89609027407694, 32.36958076789671], [-94.638378127568, 32.37054046090367], [-94.60083066251373, 32.360090470383426], [-94.59164072351443, 32.3655287307562], [-94.57916866344395, 32.39495931630301], [-94.55501225236007, 32.40764859050616], [-94.52547316271946, 32.4018904324644], [-94.51798992667719, 32.38813483269795], [-94.4918642429506, 32.39410625585238], [-94.49330837622192, 32.35646496346824], [-94.51956534479135, 32.3056012340993], [-94.53072455643336, 32.271798713743], [-94.55698152500278, 32.249085979244924], [-94.58021894218672, 32.20259418468547], [-94.58074408155811, 32.159301366815896], [-94.5884898872861, 32.13754832532478], [-94.60161837157081, 32.07996674490712], [-94.60004295345664, 31.973227556021776], [-94.51142568453483, 31.973973983916082], [-94.51116311484913, 31.923856682441446], [-94.48070503130859, 31.90210364095033], [-94.46678883796679, 31.878964376226932], [-94.46258772299569, 31.85443888827126], [-94.45247879009646, 31.844308795420005], [-94.93757628441664, 31.845588386095955], [-94.98470754299876, 31.846121548877598], [-94.98523268237015, 32.1379748555501], [-94.985363967213, 32.370860358572656]]]}}, {"type": "Feature", "properties": {"name": "Upton", "id": "48461"}, "geometry": {"type": "Polygon", "coordinates": [[[-102.31801629475432, 31.6513038684645], [-102.28729564152808, 31.6513038684645], [-101.77580989379562, 31.6513038684645], [-101.77620374832416, 31.079753366541006], [-102.30121183486987, 31.086257952477077], [-102.30094926518419, 31.127311486663746], [-102.3073822224837, 31.19811550406621], [-102.31801629475432, 31.6513038684645]]]}}, {"type": "Feature", "properties": {"name": "Kendall", "id": "48259"}, "geometry": {"type": "Polygon", "coordinates": [[[-98.92010199218463, 30.138294526712183], [-98.58795133978137, 30.138934322050158], [-98.4139989230089, 29.937505423144657], [-98.64611052516265, 29.745140291527125], [-98.69993731072998, 29.737462747471437], [-98.73853505452703, 29.71656276643095], [-98.77883950128111, 29.72018827334614], [-98.91773886501339, 29.78139536067899], [-98.92010199218463, 30.138294526712183]]]}}, {"type": "Feature", "properties": {"name": "Comal", "id": "48091"}, "geometry": {"type": "Polygon", "coordinates": [[[-98.64611052516265, 29.745140291527125], [-98.4139989230089, 29.937505423144657], [-98.2975492674035, 30.037953291206584], [-98.03051589705241, 29.848573871166266], [-97.9992701044548, 29.7523913053575], [-98.08998793086216, 29.683506673968957], [-98.19764150199683, 29.6380812049728], [-98.3109403213739, 29.594468489434234], [-98.31225316980237, 29.601826135820936], [-98.34573080472839, 29.61974040528421], [-98.3437615320857, 29.65439598609114], [-98.38262184556844, 29.67444290668099], [-98.38012743355435, 29.703980124784128], [-98.35452688919915, 29.7038734922278], [-98.34139840491444, 29.709631650269564], [-98.33877270805749, 29.72200102680373], [-98.3521637620279, 29.734157138225235], [-98.37356319141199, 29.730424998753723], [-98.41609948049447, 29.746526514759402], [-98.42699612245077, 29.718802050113858], [-98.44380058233521, 29.719655110564492], [-98.45745420599131, 29.73159795687334], [-98.5039290403592, 29.738635705591054], [-98.54370834774188, 29.75207140768851], [-98.57456028581096, 29.750471919343575], [-98.58230609153894, 29.741194886942953], [-98.64611052516265, 29.745140291527125]]]}}, {"type": "Feature", "properties": {"name": "Aransas", "id": "48007"}, "geometry": {"type": "MultiPolygon", "coordinates": [[[[-96.79118698057542, 28.319143115739283], [-96.80956685857402, 28.29024569297412], [-96.79932664083194, 28.272757953736164], [-96.81009199794539, 28.21709575933242], [-96.8421254996001, 28.19363659694004], [-96.87271486798349, 28.17625549025841], [-96.89818412749582, 28.152902960422356], [-96.91039361788062, 28.14725143493692], [-96.93481259865018, 28.123898905100866], [-96.96277627017662, 28.12336574231922], [-97.02697455832887, 28.148424393056537], [-97.02132931008644, 28.184146299426757], [-97.02776226738595, 28.1846794622084], [-97.01752204964387, 28.20291362934066], [-97.05428180564108, 28.203766689791294], [-97.06504716275454, 28.214536577980525], [-97.10193820359459, 28.226372791733045], [-97.09786837346633, 28.23202431721848], [-97.12530690562139, 28.253244195927955], [-97.11152199712244, 28.27425080952477], [-96.79118698057542, 28.319143115739283]]], [[[-97.21536830781451, 28.076554050090785], [-97.17650799433177, 28.059919371303458], [-97.13738511116333, 28.057040292282576], [-97.10364490655161, 28.07847343610471], [-97.05178739362698, 28.10609126819392], [-97.0256617099004, 28.112169323904673], [-97.03550807311393, 28.07399486873889], [-97.02592427958609, 28.041898469283858], [-97.0487678422415, 28.02206481380666], [-97.06202761136906, 27.996153102618713], [-97.07568123502516, 27.98698270277442], [-97.13475941430637, 27.902423085605513], [-97.26079286343963, 28.075807622196482], [-97.23939343405554, 28.061412227092067], [-97.21536830781451, 28.076554050090785]]], [[[-97.07804436219641, 27.91543225747765], [-97.01725947995818, 27.94571590347509], [-96.9844382692464, 27.984316888866193], [-96.97065336074745, 28.012467883737052], [-96.9546366099201, 28.035927046129434], [-96.93363103506456, 28.055973966719286], [-96.92824835650782, 28.082312208132553], [-96.9198461265656, 28.0935086265471], [-96.88820647943945, 28.10395861706734], [-96.87993553434008, 28.128804002692], [-96.85433498998489, 28.12006013307302], [-96.82492718518712, 28.13957389088123], [-96.83083500311525, 28.108010654207842], [-96.85394113545634, 28.063651510774974], [-96.85210314765648, 28.05981273874713], [-96.88649977648244, 28.030702050869312], [-96.94754722840635, 27.970987819325067], [-97.00334328661638, 27.90828787620361], [-97.04364773337046, 27.836524165794184], [-97.06530973244024, 27.85187925390556], [-97.05717007218371, 27.865421588559347], [-97.07804436219641, 27.91543225747765]]]]}}, {"type": "Feature", "properties": {"name": "Jack", "id": "48237"}, "geometry": {"type": "Polygon", "coordinates": [[[-98.42069444999412, 33.39623902023241], [-98.4214821590512, 33.46682977252221], [-97.97892095381349, 33.4671496701912], [-97.97892095381349, 33.43377368006022], [-97.91813607157526, 33.43388031261655], [-97.92168076233213, 33.00127203158976], [-98.05611644140761, 33.00329805016001], [-98.42660226792223, 33.00788325008216], [-98.42069444999412, 33.39623902023241]]]}}, {"type": "Feature", "properties": {"name": "Hemphill", "id": "48211"}, "geometry": {"type": "Polygon", "coordinates": [[[-100.54015695291834, 36.05650803552854], [-100.00044496397375, 36.0556549750779], [-100.00044496397375, 35.880990847810985], [-100.00044496397375, 35.61910128946694], [-100.54015695291834, 35.619314554579596], [-100.54015695291834, 36.05650803552854]]]}}, {"type": "Feature", "properties": {"name": "Shackelford", "id": "48417"}, "geometry": {"type": "Polygon", "coordinates": [[[-99.61197311398907, 32.95691288815689], [-99.47123576245693, 32.95701952071322], [-99.0960236815998, 32.95701952071322], [-99.09589239675695, 32.707605971459664], [-99.0960236815998, 32.51481430961682], [-99.11427227475555, 32.51481430961682], [-99.61197311398907, 32.51460104450416], [-99.61197311398907, 32.95691288815689]]]}}, {"type": "Feature", "properties": {"name": "San Jacinto", "id": "48407"}, "geometry": {"type": "Polygon", "coordinates": [[[-95.35913191479881, 30.50436409258967], [-95.32749226767265, 30.859557137721602], [-95.31383864401654, 30.873099472375387], [-95.31291965011661, 30.897838225443717], [-95.25239733756408, 30.906688727619024], [-95.2307353384943, 30.88696170469816], [-95.24307611372194, 30.866808151551975], [-95.23099790818, 30.841109705476683], [-95.20014597011092, 30.824581659245688], [-95.180321958841, 30.818396970978604], [-95.17402028638433, 30.807627082789374], [-95.15682197197137, 30.800376068959004], [-95.13122142761617, 30.781715371601425], [-95.1393610878727, 30.776170478672316], [-95.13135271245902, 30.759429167328662], [-95.14474376642943, 30.744074079217285], [-95.14540019064367, 30.71379043321985], [-95.13542254258728, 30.69385014518632], [-95.10955942854639, 30.69278381962303], [-95.11888065238854, 30.67561597805406], [-95.10483317420389, 30.657914973703445], [-95.08829128400515, 30.672097103695204], [-95.05363208549352, 30.67124404324457], [-95.0246181352243, 30.64981089942244], [-95.0084700995541, 30.606091551327548], [-95.03551477718061, 30.585618100512377], [-95.02973824409533, 30.579113514576306], [-95.0034812755259, 30.5801798401396], [-94.96567124078592, 30.57655433322441], [-94.94020198127359, 30.55949312421177], [-94.91040032194728, 30.56151914278202], [-94.8895260319346, 30.556400780078228], [-94.87521598406425, 30.546057422114316], [-94.84291991272386, 30.546164054670644], [-94.83333611919602, 30.53048906889028], [-94.85263499109455, 30.524304380623196], [-94.86733889349343, 30.510762045969415], [-94.8658947602221, 30.49604675319601], [-94.84935287002337, 30.49359420440044], [-94.84265734303816, 30.48740951613336], [-95.16588062612782, 30.344948420877802], [-95.22614036899465, 30.319569872471497], [-95.2265342235232, 30.327140783970858], [-95.20329680633925, 30.347827499898685], [-95.21800070873813, 30.35625147184868], [-95.23585544736534, 30.379070838903086], [-95.26066828266346, 30.383442773712574], [-95.30845596545981, 30.40572897798534], [-95.31410121370224, 30.412340196477736], [-95.35072968485659, 30.476106465162484], [-95.35913191479881, 30.50436409258967]]]}}, {"type": "Feature", "properties": {"name": "Wharton", "id": "48481"}, "geometry": {"type": "Polygon", "coordinates": [[[-96.17546106762232, 29.63381590271964], [-96.14185214785346, 29.61963377272788], [-96.10968736135591, 29.622512851748766], [-96.08894435618606, 29.60161287070828], [-96.0595365513883, 29.58849706627981], [-96.06006169075968, 29.568663410802614], [-96.04457007930372, 29.562265457422875], [-96.04115667338971, 29.540512415931758], [-96.0553354364172, 29.532941504432397], [-96.05389130314587, 29.51204152339191], [-96.03656170389004, 29.51086856527229], [-96.02238294086256, 29.502018063096983], [-96.03551142514728, 29.492314500471043], [-96.05966783623114, 29.491887970245728], [-96.05966783623114, 29.47333390544448], [-96.04798348521776, 29.461817589360948], [-96.00387177802111, 29.42886812945528], [-95.9929751360648, 29.433666594490088], [-95.98207849410849, 29.41074059487935], [-95.97341369448057, 29.411487022773656], [-95.96842487045238, 29.383442660459124], [-95.947288010754, 29.372566139713566], [-95.93954220502602, 29.352519219123714], [-95.95332711352496, 29.34505494018068], [-95.9467628713826, 29.33343199154082], [-95.92300031482728, 29.32927332184399], [-95.91656735752777, 29.319356494105392], [-95.89451150392944, 29.3149845592959], [-95.89753105531493, 29.299309573515536], [-95.87429363813098, 29.26657337872253], [-95.84764281503301, 29.262627974138358], [-95.84199756679058, 29.258682569554185], [-95.87403106844529, 29.229678514232695], [-95.9651427493812, 29.146825017965053], [-96.30924032248356, 28.963310388522828], [-96.64034069614405, 29.247806048808627], [-96.60436864920393, 29.265826950828227], [-96.37580173780705, 29.393252855641393], [-96.34928219955194, 29.406048762400875], [-96.30766490436939, 29.51449407218748], [-96.17546106762232, 29.63381590271964]]]}}, {"type": "Feature", "properties": {"name": "Floyd", "id": "48153"}, "geometry": {"type": "Polygon", "coordinates": [[[-101.56483515134028, 34.31253257676759], [-101.4716229129188, 34.31231931165493], [-101.04153376775157, 34.312425944211256], [-101.04140248290872, 34.13083070078295], [-101.04113991322302, 33.833645766294005], [-101.56352230291179, 33.83044678960413], [-101.56457258165457, 34.07420881337225], [-101.56483515134028, 34.31253257676759]]]}}, {"type": "Feature", "properties": {"name": "Karnes", "id": "48255"}, "geometry": {"type": "Polygon", "coordinates": [[[-98.19094597501162, 28.88237627826911], [-97.99533155916939, 29.026116964200614], [-97.72842947366114, 29.221787705064347], [-97.61316138164136, 29.10971688836256], [-97.63022841121148, 29.098413837391682], [-97.75508029675912, 29.007136369174052], [-97.57469492268714, 28.813278381767912], [-97.77858028362876, 28.668044840047802], [-97.79525345867035, 28.67337646786425], [-97.82531768768233, 28.670390756287038], [-97.83017522686768, 28.678068300342726], [-97.85840146807982, 28.684359621166138], [-97.89345452111999, 28.700141239502834], [-97.91511652018977, 28.719654997311043], [-98.00530920722576, 28.690224411764234], [-98.09825887596153, 28.786940140354645], [-98.16823369719906, 28.861263032115964], [-98.19094597501162, 28.88237627826911]]]}}, {"type": "Feature", "properties": {"name": "Kaufman", "id": "48257"}, "geometry": {"type": "Polygon", "coordinates": [[[-96.51903350135329, 32.8135987324507], [-96.29742468662732, 32.81413189523234], [-96.29729340178447, 32.841749727321556], [-96.07686615064412, 32.83844411807536], [-96.07594715674419, 32.35753128903153], [-96.19567893342078, 32.3581710843695], [-96.20040518776328, 32.354865475123304], [-96.24963700383095, 32.358704247151145], [-96.45207823150125, 32.358597614594814], [-96.43448606255973, 32.388774628035925], [-96.43448606255973, 32.411487362534004], [-96.47689106679935, 32.43420009703208], [-96.49435195089802, 32.46768271971939], [-96.51023741688253, 32.48197148226748], [-96.50262289599739, 32.48986229143583], [-96.51246925921093, 32.51332145382821], [-96.50380445958302, 32.52697042103832], [-96.52008378009606, 32.5316622535168], [-96.5299301433096, 32.545311220726916], [-96.52310333148155, 32.545204588170584], [-96.51903350135329, 32.8135987324507]]]}}, {"type": "Feature", "properties": {"name": "Duval", "id": "48131"}, "geometry": {"type": "Polygon", "coordinates": [[[-98.80338976689353, 28.05746682250789], [-98.33430902340069, 28.05778672017688], [-98.2354515367368, 28.057999985289538], [-98.23243198535131, 27.262521115075128], [-98.52322791225772, 27.265186928983354], [-98.5223089183578, 27.343241960216186], [-98.55250443221264, 27.343775122997833], [-98.5526357170555, 27.35913021110921], [-98.58952675789553, 27.358703680883895], [-98.58952675789553, 27.338230230068724], [-98.62497366546427, 27.338016964956065], [-98.62497366546427, 27.357743987876933], [-98.75061326006897, 27.354331746074404], [-98.79826965802249, 27.354011848405417], [-98.80338976689353, 28.05746682250789]]]}}, {"type": "Feature", "properties": {"name": "Johnson", "id": "48251"}, "geometry": {"type": "Polygon", "coordinates": [[[-97.61709992692677, 32.55544131357817], [-97.55053851160326, 32.55544131357817], [-97.31396322479273, 32.55266886711362], [-97.08684044666717, 32.549469890423744], [-97.08618402245294, 32.26540076036326], [-97.47596872086609, 32.181694203644994], [-97.47610000570894, 32.173483496807656], [-97.51154691327767, 32.161860548167795], [-97.50839607704934, 32.140320771789334], [-97.514697749506, 32.13360292074061], [-97.55526476594576, 32.1493845390773], [-97.56799939570193, 32.1501309669716], [-97.56852453507332, 32.17646920838487], [-97.58966139477171, 32.19086460348929], [-97.59753848534254, 32.2037671428051], [-97.61499936944122, 32.203553877692435], [-97.61526193912691, 32.31861040597144], [-97.61709992692677, 32.471734756859895], [-97.61709992692677, 32.55544131357817]]]}}, {"type": "Feature", "properties": {"name": "Franklin", "id": "48159"}, "geometry": {"type": "Polygon", "coordinates": [[[-95.30858725030265, 33.377151792649514], [-95.30661797765995, 33.37800485310015], [-95.3000537355176, 33.382376787909635], [-95.26093085234915, 33.36691506724193], [-95.24228840466485, 33.36798139280522], [-95.22298953276632, 33.378111485656476], [-95.19686384903974, 33.373846183403316], [-95.16194208084241, 33.3848293367052], [-95.15340856605734, 33.3807772995647], [-95.1254448945309, 33.38941453662735], [-95.12610131874513, 33.03454138916441], [-95.13726053038714, 33.03091588224922], [-95.15222700247172, 33.01342814301127], [-95.17297000764157, 32.96181798574803], [-95.3089811048312, 32.962564413642326], [-95.30858725030265, 33.377151792649514]]]}}, {"type": "Feature", "properties": {"name": "Edwards", "id": "48137"}, "geometry": {"type": "Polygon", "coordinates": [[[-100.70045574603469, 30.2883265334671], [-100.11650076505062, 30.290245919481023], [-99.75415459879251, 30.29067244970634], [-99.75756800470654, 30.07410172780212], [-99.91799808266575, 30.073675197576804], [-99.96762375326196, 30.082312434639455], [-99.9730064318187, 30.02462422166546], [-99.98967960686028, 30.02579717978508], [-100.00228295177361, 29.896878419183306], [-100.023419811472, 29.88312281941686], [-100.01961255102943, 29.86958048476308], [-100.03090304751429, 29.84825397349728], [-100.02722707191457, 29.82436828087958], [-100.01711813901534, 29.811998904345415], [-100.01331087857277, 29.7942978999948], [-100.03602315638533, 29.779369342108737], [-100.02197567820068, 29.7457800868651], [-100.02604550832893, 29.72338725003601], [-100.0462633741274, 29.706539306136023], [-100.04573823475602, 29.69491635749616], [-100.01698685417249, 29.67678882292023], [-100.03024662330004, 29.663246488266445], [-100.0072717758018, 29.632003149262047], [-100.0142298724727, 29.623472544755725], [-100.11203708039382, 29.62325927964307], [-100.69993060666332, 29.62389907498104], [-100.70045574603469, 30.2883265334671]]]}}, {"type": "Feature", "properties": {"name": "Waller", "id": "48473"}, "geometry": {"type": "Polygon", "coordinates": [[[-96.09314547115717, 30.225200060120326], [-96.08894435618606, 30.228718934479183], [-95.9537209680535, 30.236929641316515], [-95.92326288451297, 30.237249538985502], [-95.80431881689346, 30.245566878379165], [-95.80326853815069, 30.09009661125147], [-95.82860651282019, 30.08177927185781], [-95.84475454849039, 30.08892365313185], [-95.87403106844529, 30.122193010706503], [-95.89083552832972, 30.11899403401663], [-95.91551707878499, 30.130936880325482], [-95.92903941759825, 30.14415931731028], [-95.9445310290542, 30.14821135445078], [-95.9606790647244, 30.16345981000583], [-95.86891095957425, 29.908821265492154], [-95.82624338564894, 29.788326476840375], [-95.95096398635371, 29.740768356717638], [-95.97131313699502, 29.74044845904865], [-95.97091928246648, 29.7285056127398], [-96.03275444344749, 29.727972449958155], [-96.03984382496122, 29.737462747471437], [-96.02960360721914, 29.754630589040406], [-96.04299466118957, 29.77915607699608], [-96.04929633364623, 29.803148402170105], [-96.08224882920085, 29.804747890515042], [-96.10246669499932, 29.809652988106176], [-96.1213717123693, 29.836631024857414], [-96.10167898594223, 29.854012131539044], [-96.11218177337, 29.87256619634029], [-96.09577116801411, 29.876724866037122], [-96.12622925155465, 29.898797805197226], [-96.11336333695563, 29.915539116540884], [-96.13161193011138, 29.937505423144657], [-96.10640524028473, 29.95552632516426], [-96.09563988317126, 29.97813242710601], [-96.10456725248487, 29.99636659423827], [-96.08448067152926, 30.00511046385725], [-96.09472088927133, 30.02537064955976], [-96.1171705973982, 30.05010940262809], [-96.14067058426784, 30.058213476909096], [-96.14605326282457, 30.070262955774275], [-96.14355885081046, 30.084978248547678], [-96.17283537076538, 30.099373643652093], [-96.17887447353635, 30.118460871234987], [-96.19174038813537, 30.13840115926851], [-96.15484934729533, 30.141386870845725], [-96.15012309295282, 30.155462368281153], [-96.15996945616637, 30.161860321660896], [-96.15458677760962, 30.177108777215942], [-96.15905046226644, 30.20664599531908], [-96.14513426892464, 30.218588841627927], [-96.12819852419736, 30.21165772546654], [-96.11375719148417, 30.227226078690578], [-96.09314547115717, 30.225200060120326]]]}}, {"type": "Feature", "properties": {"name": "Kleberg", "id": "48273"}, "geometry": {"type": "MultiPolygon", "coordinates": [[[[-97.94216119781629, 27.635948327339317], [-97.9210243381179, 27.62293915546718], [-97.88859698193465, 27.620273341558953], [-97.87717520060696, 27.60897029058808], [-97.87389307953578, 27.587857044434934], [-97.85800761355127, 27.58071266316089], [-97.8405467294526, 27.55842645888813], [-97.57298821973014, 27.560345844902052], [-97.32512243643473, 27.560879007683695], [-97.34337102959049, 27.517799454926777], [-97.35059169594707, 27.4785586741977], [-97.36582073771734, 27.4506209444395], [-97.37185984048831, 27.425135763476867], [-97.3698905678456, 27.412446489273716], [-97.40494362088579, 27.33001952323139], [-97.43041288039814, 27.313704742113053], [-97.45076203103945, 27.313704742113053], [-97.48279553269414, 27.297923123776357], [-97.50826479220649, 27.274997124165623], [-97.53215863360467, 27.278622631080808], [-97.51745473120579, 27.305067505050403], [-97.49815585930726, 27.30858637940926], [-97.50275082880691, 27.3223419791757], [-97.48384581143692, 27.33865676029404], [-97.4868653628224, 27.359023578552883], [-97.50170055006413, 27.36659449005224], [-97.51443517982031, 27.36147612734845], [-97.53832902121849, 27.335564416160498], [-97.58414743137213, 27.30965270497255], [-97.60909155151309, 27.285233849573206], [-97.636661368511, 27.28171497521435], [-97.65044627700995, 27.28352772867194], [-97.72737919491837, 27.266039989433985], [-97.73998253983169, 27.27830273341182], [-97.7851445257711, 27.2837409937846], [-97.7970914464702, 27.271584882363094], [-97.81586517899734, 27.271371617250434], [-97.81560260931164, 27.2558032640264], [-97.84133443850968, 27.24396705027388], [-97.85538191669433, 27.252391022223872], [-97.8681165464505, 27.240341543358692], [-97.95187627618698, 27.23319716208465], [-97.95922822738642, 27.21293697638214], [-97.98587905048439, 27.20931146946695], [-97.98614162017007, 27.260495096504876], [-98.0580857140503, 27.261028259286523], [-98.05979241700733, 27.63584169478299], [-97.94216119781629, 27.635948327339317]]], [[[-97.26827609948192, 27.576020830682417], [-97.24215041575533, 27.5829519468438], [-97.22298282869966, 27.576660626020388], [-97.2573794575256, 27.51065507365273], [-97.29610848616551, 27.42716178204712], [-97.33615036323388, 27.317863411809885], [-97.34691572034735, 27.277982835742833], [-97.37750508873074, 27.277982835742833], [-97.36148833790338, 27.351985829835165], [-97.30424814642203, 27.507349464406534], [-97.26827609948192, 27.576020830682417]]]]}}, {"type": "Feature", "properties": {"name": "Maverick", "id": "48323"}, "geometry": {"type": "Polygon", "coordinates": [[[-100.66829095953715, 29.084018442287267], [-100.11138065617958, 29.086364358526506], [-100.11440020756507, 28.648104552014274], [-100.11374378335083, 28.19779526663687], [-100.21207613064334, 28.196835573629908], [-100.22034707574271, 28.232237582331138], [-100.2462101897836, 28.234050335788734], [-100.26760961916767, 28.25025848435074], [-100.29426044226565, 28.284380902376025], [-100.28756491528044, 28.30112221371968], [-100.28861519402322, 28.3170104646127], [-100.31421573837841, 28.345907887377862], [-100.32038612599223, 28.362116035939874], [-100.34191684021916, 28.38493540299428], [-100.3495313611043, 28.402636407344897], [-100.33614030713389, 28.43014760687778], [-100.34152298569062, 28.44955473212966], [-100.36830509363143, 28.477172564218876], [-100.33719058587667, 28.491781224435947], [-100.33850343430514, 28.501804684730875], [-100.38891681395843, 28.515773549609975], [-100.40506484962863, 28.53582047019983], [-100.4113665220853, 28.55192198620551], [-100.39731904390065, 28.57559441371055], [-100.39836932264343, 28.584871446111173], [-100.42987768492674, 28.596387762194706], [-100.44733856902542, 28.609290301510516], [-100.44707599933972, 28.64223976141618], [-100.46283018048138, 28.641386700965548], [-100.47963464036582, 28.65524893328832], [-100.50037764553565, 28.661966784337046], [-100.51206199654905, 28.705366234762955], [-100.50667931799232, 28.716775918290157], [-100.50759831189225, 28.740554978351526], [-100.51928266290565, 28.756123331575562], [-100.5330675714046, 28.763267712849608], [-100.53779382574709, 28.780755452087565], [-100.53241114719036, 28.791098810051476], [-100.54737761927494, 28.825861023414735], [-100.57048375161602, 28.82628755364005], [-100.57297816363013, 28.848467125356485], [-100.59109547194304, 28.86307578557356], [-100.60264853811358, 28.88770790608556], [-100.60199211389934, 28.901996668633647], [-100.6316624883828, 28.90284972908428], [-100.6405898576964, 28.914259412611482], [-100.63888315473939, 28.92758848215261], [-100.65148649965272, 28.94347673304563], [-100.64584125141029, 28.986449653246222], [-100.6631708506661, 29.04808327080439], [-100.66829095953715, 29.084018442287267]]]}}, {"type": "Feature", "properties": {"name": "Gaines", "id": "48165"}, "geometry": {"type": "Polygon", "coordinates": [[[-103.064633196026, 32.959045539283466], [-102.59502731316178, 32.95883227417081], [-102.2085247358198, 32.95893890672714], [-102.20274820273453, 32.523238281566805], [-102.2110191478339, 32.523238281566805], [-103.064633196026, 32.52217195600352], [-103.0648957657117, 32.682653953278674], [-103.064633196026, 32.959045539283466]]]}}, {"type": "Feature", "properties": {"name": "Martin", "id": "48317"}, "geometry": {"type": "Polygon", "coordinates": [[[-102.2110191478339, 32.523238281566805], [-102.20274820273453, 32.523238281566805], [-101.68876804298797, 32.52526430013706], [-101.69506971544463, 32.087537656406475], [-101.77607246348131, 32.0868978610685], [-102.21128171751958, 32.08679122851217], [-102.2110191478339, 32.523238281566805]]]}}, {"type": "Feature", "properties": {"name": "Bowie", "id": "48037"}, "geometry": {"type": "Polygon", "coordinates": [[[-94.73762946876045, 33.706006596368184], [-94.7283082449183, 33.69960864298844], [-94.71097864566248, 33.705686698699196], [-94.70782780943415, 33.68691936878529], [-94.68485296193589, 33.68436018743339], [-94.6522943209098, 33.690971405925794], [-94.64848706046723, 33.673377034131505], [-94.63522729133967, 33.669858159772645], [-94.62117981315504, 33.681054578187194], [-94.59689211722831, 33.67135101556125], [-94.57956251797249, 33.677642336384665], [-94.5723418516159, 33.656955620456834], [-94.55212398581745, 33.65343674609798], [-94.55264912518882, 33.63829492309926], [-94.5333502532903, 33.637655127761285], [-94.52074690837696, 33.61654188160814], [-94.49147038842206, 33.62507248611446], [-94.48582514017963, 33.63786839287394], [-94.45917431708166, 33.64511940670432], [-94.45234750525361, 33.618781165291054], [-94.45825532318173, 33.59830771447588], [-94.43619946958341, 33.59414904477905], [-94.41900115517043, 33.57719446832274], [-94.38591737477296, 33.581886300801216], [-94.39261290175816, 33.55117612457846], [-94.35900398198929, 33.543178682853785], [-94.35270230953263, 33.56055978953541], [-94.33839226166229, 33.56706437547148], [-94.33064645593431, 33.552668980367066], [-94.30964088107876, 33.551709287360104], [-94.29835038459392, 33.576234775315775], [-94.28062693080955, 33.574955184639826], [-94.27091185243887, 33.56482509178857], [-94.25266325928311, 33.586151603054375], [-94.23887835078416, 33.57676793809742], [-94.25016884726901, 33.55672101750757], [-94.22640629071368, 33.55288224547972], [-94.21130853378627, 33.57378222652021], [-94.18334486225982, 33.59222965876513], [-94.16220800256143, 33.58892404951893], [-94.14304041550575, 33.57772763110438], [-94.12387282845006, 33.55213581758542], [-94.10312982328021, 33.57036998471768], [-94.07267173973969, 33.57218273817527], [-94.05612984954094, 33.56727764058414], [-94.04339521978477, 33.55224245014175], [-94.04300136525623, 33.29803043585339], [-94.07332816395392, 33.292059012698964], [-94.09078904805259, 33.30528144968376], [-94.1158644530364, 33.30517481712744], [-94.12045942253604, 33.29248554292428], [-94.14015214896311, 33.29408503126922], [-94.16640911753254, 33.31125287283819], [-94.21852920014285, 33.2969641102901], [-94.21852920014285, 33.28843350578378], [-94.24005991436978, 33.27339831534139], [-94.23178896927041, 33.24087538566104], [-94.27786994910976, 33.249192725054705], [-94.31200400825001, 33.248766194829386], [-94.33235315889132, 33.25612384121609], [-94.34469393411895, 33.25271159941356], [-94.36635593318873, 33.262841692264814], [-94.3793531326306, 33.255697310990776], [-94.41125534944246, 33.27083913398949], [-94.41571903409925, 33.28406157097429], [-94.43304863335509, 33.28747381277682], [-94.4442078449971, 33.28128912450973], [-94.47230280136638, 33.28854013834011], [-94.51785864183434, 33.28214218496037], [-94.52993684737628, 33.26732025963064], [-94.54083348933258, 33.269346278200885], [-94.57247313645874, 33.24983252039268], [-94.5904591599288, 33.25942945046229], [-94.61868540114094, 33.24684680881546], [-94.64914348468147, 33.258683022567986], [-94.6522943209098, 33.26881311541924], [-94.68629709520721, 33.29280544059327], [-94.69181105860679, 33.31242583095781], [-94.730277517561, 33.30880032404262], [-94.7469506926026, 33.3289538771888], [-94.74603169870267, 33.703020884790966], [-94.73762946876045, 33.706006596368184]]]}}, {"type": "Feature", "properties": {"name": "Andrews", "id": "48003"}, "geometry": {"type": "Polygon", "coordinates": [[[-103.064633196026, 32.52217195600352], [-102.2110191478339, 32.523238281566805], [-102.21128171751958, 32.08679122851217], [-102.28703307184239, 32.08700449362483], [-102.79904395894623, 32.085831535505214], [-102.8123037280738, 32.087111126181156], [-103.0643706263403, 32.08700449362483], [-103.064633196026, 32.52217195600352]]]}}, {"type": "Feature", "properties": {"name": "Potter", "id": "48375"}, "geometry": {"type": "Polygon", "coordinates": [[[-102.16270632566615, 35.6200609824739], [-101.62286305187871, 35.620167615030226], [-101.62299433672155, 35.183080766637616], [-102.16743258000864, 35.18318739919395], [-102.16270632566615, 35.6200609824739]]]}}, {"type": "Feature", "properties": {"name": "Garza", "id": "48169"}, "geometry": {"type": "Polygon", "coordinates": [[[-101.5568267759266, 33.3947461644438], [-101.03877678605178, 33.39719871323937], [-101.03864550120893, 32.970241957698015], [-101.1733437499701, 32.96363073920562], [-101.55748320014082, 32.96107155785372], [-101.5568267759266, 33.3947461644438]]]}}, {"type": "Feature", "properties": {"name": "Caldwell", "id": "48055"}, "geometry": {"type": "Polygon", "coordinates": [[[-97.71018088050539, 30.02451758910913], [-97.65530381619529, 30.0729287696825], [-97.64939599826717, 30.067917039535036], [-97.31580121259259, 29.786513723382782], [-97.31790177007814, 29.784700969925186], [-97.59780105502824, 29.630723558586098], [-97.61749378145531, 29.63360263760698], [-97.61696864208392, 29.644799056021526], [-97.63311667775412, 29.64981078616899], [-97.65438482229536, 29.658021493006324], [-97.65110270122418, 29.666445464956315], [-97.68825631174992, 29.6726301532234], [-97.70387920804873, 29.68126739028605], [-97.72186523151879, 29.68212045073668], [-97.74339594574572, 29.698861762080334], [-97.73840712171753, 29.712937259515765], [-97.76834006588668, 29.71890868267019], [-97.7809434108, 29.759215788962553], [-97.80024228269853, 29.76625353768027], [-97.82951880265344, 29.793444839544165], [-97.84238471725246, 29.799202997585933], [-97.84159700819538, 29.824901443661226], [-97.84868638970912, 29.843348875906145], [-97.87520592796425, 29.858170801235875], [-97.89923105420527, 29.8575310058979], [-97.89384837564855, 29.883762614754836], [-97.8492115290805, 29.915965646766196], [-97.79262776181339, 29.945076334644018], [-97.76138196921578, 29.987302826950305], [-97.71018088050539, 30.02451758910913]]]}}, {"type": "Feature", "properties": {"name": "Shelby", "id": "48419"}, "geometry": {"type": "Polygon", "coordinates": [[[-94.51142568453483, 31.973973983916082], [-94.01713825121534, 31.979838774514175], [-94.01280585140138, 31.98165152797177], [-93.9774902286755, 31.92641586379334], [-93.95359638727733, 31.91052761290032], [-93.93797349097852, 31.906902105985132], [-93.92392601279387, 31.889840896972494], [-93.90961596492353, 31.89314650621869], [-93.88913552943939, 31.86766132525606], [-93.88414670541118, 31.847614404666203], [-93.87482548156905, 31.84057665594849], [-93.87088693628363, 31.81679759588712], [-93.8399037133717, 31.79856342875486], [-93.83465231965782, 31.78331497319981], [-93.82257411411588, 31.77361141057387], [-93.83058248952956, 31.745780313372002], [-93.81902942335901, 31.728825736915688], [-93.8145657387022, 31.70739259309356], [-93.80340652706019, 31.70067474204483], [-93.80445680580297, 31.68563955160244], [-93.82651265940129, 31.666872221688532], [-93.81797914461623, 31.64789162666197], [-93.81679758103061, 31.622513078255665], [-93.83806572557184, 31.6068380924753], [-93.83491488934351, 31.5862580091038], [-93.88519698415396, 31.601399832102523], [-93.89648748063883, 31.611636557510106], [-93.96961313810468, 31.57239577678103], [-93.9844483253464, 31.56941006520382], [-94.09065776320975, 31.620593692241744], [-94.39904585905768, 31.653543152147407], [-94.40705423447135, 31.665166100787268], [-94.40377211340017, 31.68158751446194], [-94.41676931284204, 31.70589973730495], [-94.41269948271378, 31.721254825416327], [-94.4141436159851, 31.751965001639082], [-94.42845366385544, 31.776063959369438], [-94.42398997919862, 31.798989958980176], [-94.43396762725502, 31.824581772499137], [-94.45247879009646, 31.844308795420005], [-94.46258772299569, 31.85443888827126], [-94.46678883796679, 31.878964376226932], [-94.48070503130859, 31.90210364095033], [-94.51116311484913, 31.923856682441446], [-94.51142568453483, 31.973973983916082]]]}}, {"type": "Feature", "properties": {"name": "Lee", "id": "48287"}, "geometry": {"type": "Polygon", "coordinates": [[[-97.33444366027688, 30.402849898964455], [-97.15523984979053, 30.457339135248578], [-96.96356397923371, 30.557147207972534], [-96.91892713266567, 30.539232938509258], [-96.9042232302668, 30.508416129730175], [-96.89687127906735, 30.483997274330832], [-96.90461708479533, 30.466402902536544], [-96.87481542546904, 30.45744576780491], [-96.86798861364099, 30.43356007518721], [-96.84619532972836, 30.43142742406063], [-96.80825401014553, 30.396558578141043], [-96.79013670183264, 30.390693787542947], [-96.78764228981854, 30.380350429579035], [-96.76991883603418, 30.364782076355], [-96.75403337004967, 30.32916680254111], [-96.74366186746475, 30.319783137584157], [-96.69469262108277, 30.320209667809472], [-96.66318425879945, 30.2956841798538], [-96.64086583551543, 30.29675050541709], [-96.65793286508557, 30.287793370685456], [-96.68524011239776, 30.256016868899408], [-96.70755853568178, 30.24535361326651], [-96.71845517763809, 30.2504719759703], [-96.73447192846544, 30.241194943569678], [-96.74366186746475, 30.21816231140261], [-96.74156130997919, 30.197475595474785], [-96.79460038648944, 30.160580730984947], [-96.84580147519982, 30.11600832243942], [-97.01909746775804, 30.03198186805216], [-97.02448014631477, 30.05138899330404], [-97.08185162263898, 30.25932247814561], [-97.19961412667286, 30.33780403960376], [-97.33444366027688, 30.402849898964455]]]}}, {"type": "Feature", "properties": {"name": "Cherokee", "id": "48073"}, "geometry": {"type": "Polygon", "coordinates": [[[-95.45995867410541, 32.13552230675453], [-95.22797835679451, 32.13637536720516], [-94.98523268237015, 32.1379748555501], [-94.98470754299876, 31.846121548877598], [-94.93757628441664, 31.845588386095955], [-94.93586958145963, 31.831512888660523], [-94.95543102304386, 31.79632414507195], [-94.9781433008564, 31.79333843349474], [-94.97184162839974, 31.78235528019285], [-94.92917405447443, 31.7663603967435], [-94.93166846648852, 31.754524182990977], [-94.9672466589001, 31.753777755096678], [-94.97276062229967, 31.737676239090995], [-94.95831928958648, 31.72413390443721], [-94.96593381047163, 31.697795663023946], [-94.93350645428838, 31.621766650361362], [-94.92418523044623, 31.579540158055075], [-94.91236959458999, 31.568983534978504], [-94.89228301363438, 31.57804730226647], [-94.89359586206285, 31.54115243777663], [-94.88401206853501, 31.529742754249426], [-94.8658947602221, 31.526863675228544], [-95.00334999068306, 31.425669379272314], [-95.00755110565416, 31.444649974298876], [-95.04417957680852, 31.444969871967864], [-95.06466001229268, 31.47130811338113], [-95.10036948954709, 31.46821576924759], [-95.09997563501855, 31.518866233503868], [-95.12531360968805, 31.53720703319246], [-95.14343091800096, 31.539659581988026], [-95.13962365755839, 31.56279884671142], [-95.16181079599956, 31.573462102344322], [-95.16850632298475, 31.583698827751906], [-95.20776049099605, 31.57047639076711], [-95.2602744281349, 31.577087609259507], [-95.27314034273392, 31.5928692275962], [-95.2588302948636, 31.609930436608842], [-95.26486939763456, 31.62421919915693], [-95.281673857519, 31.62539215727655], [-95.2864001118615, 31.64362632440881], [-95.27589732443371, 31.657275291618923], [-95.28968223293268, 31.684040063257505], [-95.32158444974452, 31.704406881516345], [-95.34153974585729, 31.73533032285176], [-95.36622129631255, 31.726799718345436], [-95.36280789039853, 31.75249816442073], [-95.38079391386859, 31.75249816442073], [-95.40206205840983, 31.761561931708695], [-95.394184967839, 31.787260377783987], [-95.40324362199544, 31.800376182212453], [-95.4006179251385, 31.815624637767502], [-95.41295870036613, 31.83513839557571], [-95.44669890497785, 31.843135837300387], [-95.44538605654938, 31.856998069623156], [-95.43094472383619, 31.88013733434655], [-95.43750896597855, 31.901570478168683], [-95.42831902697925, 31.9053026176402], [-95.42385534232244, 31.93196075672245], [-95.44564862623507, 31.945822989045222], [-95.4535257168059, 31.95989848648065], [-95.44643633529216, 31.998499471871753], [-95.42411791200814, 32.018866290130596], [-95.43278271163605, 32.03091576899577], [-95.42214863936543, 32.04744381522677], [-95.43540840849299, 32.05298870815588], [-95.43790282050709, 32.068237163710926], [-95.4284503118221, 32.08444531227293], [-95.45772683177701, 32.113342735038096], [-95.45995867410541, 32.13552230675453]]]}}, {"type": "Feature", "properties": {"name": "Irion", "id": "48235"}, "geometry": {"type": "Polygon", "coordinates": [[[-101.26800012166288, 31.528676428686136], [-100.69310379483525, 31.52398459620766], [-100.6887713950213, 31.086577850146064], [-100.9622377226719, 31.08252581300556], [-101.27482693349094, 31.07932683631569], [-101.26800012166288, 31.528676428686136]]]}}, {"type": "Feature", "properties": {"name": "Comanche", "id": "48093"}, "geometry": {"type": "Polygon", "coordinates": [[[-98.92443439199859, 32.078047358893194], [-98.55119158378417, 32.26145535577909], [-98.32748221157264, 31.941237789123075], [-98.25120571787845, 31.980158672183162], [-98.20840685911028, 31.917458729061707], [-98.15654934618567, 31.841749614068107], [-98.46375587844797, 31.684040063257505], [-98.49276982871719, 31.723600741655567], [-98.66842894844666, 31.70046147693217], [-98.92443439199859, 32.078047358893194]]]}}, {"type": "Feature", "properties": {"name": "Montague", "id": "48337"}, "geometry": {"type": "Polygon", "coordinates": [[[-97.97892095381349, 33.4671496701912], [-97.9778706750707, 33.88984112347939], [-97.96776174217148, 33.88237684453636], [-97.93677851925955, 33.879177867846494], [-97.89673664219117, 33.85795798913702], [-97.86575341927926, 33.8494273846307], [-97.83437634183879, 33.85763809146803], [-97.7806808411143, 33.89549264896483], [-97.78370039249978, 33.91052783940722], [-97.75941269657307, 33.91884517880088], [-97.7628261024871, 33.93441353202492], [-97.73223673410371, 33.93665281570783], [-97.71674512264775, 33.94763596900972], [-97.69797139012061, 33.97727981966918], [-97.67171442155117, 33.991355317104606], [-97.63377310196836, 33.98122522425335], [-97.60909155151309, 33.968109419824884], [-97.58887368571463, 33.95190127126288], [-97.59701334597116, 33.92023140203316], [-97.58270329810082, 33.90082427678128], [-97.55158879034605, 33.8979451977604], [-97.52533182177662, 33.91170079752684], [-97.50091284100705, 33.919591606695185], [-97.48397709627977, 33.915752834667344], [-97.4871279325081, 33.43366704750389], [-97.91813607157526, 33.43388031261655], [-97.97892095381349, 33.43377368006022], [-97.97892095381349, 33.4671496701912]]]}}, {"type": "Feature", "properties": {"name": "Brown", "id": "48049"}, "geometry": {"type": "Polygon", "coordinates": [[[-99.19593144700647, 32.07922031701281], [-99.11860467456951, 32.0795402146818], [-98.92443439199859, 32.078047358893194], [-98.66842894844666, 31.70046147693217], [-98.76006576875398, 31.687878835285346], [-98.7798897800239, 31.610783497059472], [-98.99165223153632, 31.484104020140613], [-99.01817176979145, 31.469495359923535], [-99.04127790213255, 31.49060860607668], [-99.08749016681473, 31.45605965782608], [-99.09064100304306, 31.460964755417216], [-99.09549854222841, 31.44848874632672], [-99.11611026255541, 31.46821576924759], [-99.16205995755192, 31.4678958715786], [-99.18490352020731, 31.45499333226279], [-99.18857949580703, 31.47034842037417], [-99.20275825883452, 31.467256076240627], [-99.19593144700647, 32.07922031701281]]]}}, {"type": "Feature", "properties": {"name": "Haskell", "id": "48207"}, "geometry": {"type": "Polygon", "coordinates": [[[-99.99099245528876, 33.397411978352025], [-99.47241732604255, 33.39901146669696], [-99.47123576245693, 32.95701952071322], [-99.61197311398907, 32.95691288815689], [-99.9888918978032, 32.96011186484676], [-99.99099245528876, 33.397411978352025]]]}}, {"type": "Feature", "properties": {"name": "Burnet", "id": "48053"}, "geometry": {"type": "Polygon", "coordinates": [[[-98.43973075220694, 31.029529432510046], [-97.91170311427575, 31.034967692882823], [-97.88570871539201, 31.000418744632224], [-97.84041544460976, 30.929294829560774], [-97.82846852391066, 30.90615556483738], [-97.96290420298614, 30.7856607761856], [-98.04994605379379, 30.624112453347152], [-98.12307171125964, 30.484743702225135], [-98.09773373659014, 30.497432976428286], [-98.09773373659014, 30.467575860656165], [-98.12556612327374, 30.426202428800508], [-98.35098219844228, 30.486129925457412], [-98.35203247718506, 30.55842679864848], [-98.37592631858324, 30.573888519316185], [-98.39876988123864, 30.56375842646493], [-98.41111065646626, 30.57463494721049], [-98.41189836552336, 30.588177281864276], [-98.40021401450996, 30.59841400727186], [-98.41754361376579, 30.627311430037018], [-98.41859389250855, 30.645972127394597], [-98.43894304314986, 30.673270061814822], [-98.40402127495253, 30.676255773392036], [-98.4139989230089, 30.704406768262892], [-98.40415255979538, 30.72104144705022], [-98.39259949362483, 30.721254712162878], [-98.37185648845498, 30.7404485723021], [-98.375269894369, 30.74652662801285], [-98.42410785590813, 30.750472032597024], [-98.43027824352195, 30.760922023117267], [-98.42253243779398, 30.7749975205527], [-98.43198494647896, 30.790459241220404], [-98.41386763816607, 30.79429801324825], [-98.40336485073828, 30.81797044075329], [-98.39010508161073, 30.818396970978604], [-98.37684531248317, 30.834925017209603], [-98.40494026885246, 30.84377551938491], [-98.42161344389405, 30.83503164976593], [-98.41938160156565, 30.859130607496287], [-98.43159109195042, 30.8694739654602], [-98.45732292114846, 30.87885763041715], [-98.4487894063634, 30.890373946500688], [-98.44576985497791, 30.92140402039243], [-98.4187251773514, 30.926309117983564], [-98.4145240623803, 30.942090736320257], [-98.44708270340638, 30.951794298946197], [-98.45285923649166, 30.968748875402508], [-98.4418313096925, 30.984317228626544], [-98.45929219379117, 31.007776391018925], [-98.43973075220694, 31.029529432510046]]]}}, {"type": "Feature", "properties": {"name": "Gray", "id": "48179"}, "geometry": {"type": "Polygon", "coordinates": [[[-101.0859080446339, 35.61910128946694], [-100.54015695291834, 35.619314554579596], [-100.53897538933272, 35.18318739919395], [-101.08630189916245, 35.182121073630654], [-101.0859080446339, 35.61910128946694]]]}}, {"type": "Feature", "properties": {"name": "Hudspeth", "id": "48229"}, "geometry": {"type": "Polygon", "coordinates": [[[-105.9980617246025, 32.002338243899594], [-105.73142220877995, 32.001591816005295], [-105.42933578538869, 32.000525490442], [-105.15403146993823, 32.000525490442], [-104.91837517702761, 32.000525490442], [-104.91824389218476, 31.813278721528263], [-104.90892266834263, 31.000098846963237], [-104.90787238959985, 30.984850391408187], [-104.90760981991414, 30.83588471021656], [-104.9164059043849, 30.835991342772893], [-104.917193613442, 30.663673131745213], [-104.97981648348008, 30.629230816050942], [-104.98624944077959, 30.661007317836987], [-105.00121591286415, 30.67263026647685], [-105.00686116110658, 30.686065968574304], [-105.02012093023414, 30.683613419778737], [-105.06239464963093, 30.68627923368696], [-105.06265721931662, 30.698222079995812], [-105.0982354117282, 30.71890879592364], [-105.11070747179868, 30.743327651322982], [-105.12331081671199, 30.749512339590066], [-105.15232476698122, 30.751431725603986], [-105.16479682705169, 30.77254497175713], [-105.17831916586495, 30.772118441531816], [-105.19512362574939, 30.79216536212167], [-105.21665433997632, 30.789499548213442], [-105.21862361261903, 30.80154902707862], [-105.2383163390461, 30.80314851542356], [-105.26142247138719, 30.798030152719765], [-105.28728558542808, 30.82223574300645], [-105.31485540242598, 30.817010747746327], [-105.32010679613987, 30.82746073826657], [-105.36067381257963, 30.847401026300098], [-105.39664585951975, 30.85539846802477], [-105.3942827323485, 30.87192651425577], [-105.39966541090523, 30.88898772326841], [-105.43012349444577, 30.905835667168393], [-105.48802011014135, 30.943263694439874], [-105.50219887316885, 30.962670819691755], [-105.53305081123793, 30.984850391408187], [-105.5574697920075, 30.99018201922464], [-105.57913179107727, 31.021638623341698], [-105.58530217869108, 31.057467162268246], [-105.5959362509617, 31.064824808654947], [-105.60328820216114, 31.08263244556189], [-105.62731332840217, 31.098520696454912], [-105.64188594595821, 31.098307431342256], [-105.6488440426291, 31.11590180313654], [-105.70949764002448, 31.136375253951712], [-105.71947528808086, 31.14917116071119], [-105.74271270526481, 31.164846146491556], [-105.7733020736482, 31.166872165061807], [-105.78288586717603, 31.197582341284562], [-105.79443893334658, 31.202274173763037], [-105.83566237400058, 31.246846582308564], [-105.8694025786123, 31.288646544389536], [-105.8950031229675, 31.290992460628775], [-105.90878803146644, 31.312745502119892], [-105.93255058802177, 31.313172032345207], [-105.94804219947773, 31.34004343654012], [-105.95395001740586, 31.364782189608448], [-105.97009805307606, 31.36595514772807], [-105.9975365852311, 31.386748496212228], [-105.95854498690551, 31.423430095589403], [-105.95920141111974, 31.478452494655173], [-105.99320418541716, 31.478345862098845], [-105.99267904604577, 31.50009890358996], [-105.99477960353131, 31.679668128448014], [-105.9980617246025, 32.002338243899594]]]}}, {"type": "Feature", "properties": {"name": "Cass", "id": "48067"}, "geometry": {"type": "Polygon", "coordinates": [[[-94.6522943209098, 33.26881311541924], [-94.64914348468147, 33.258683022567986], [-94.61868540114094, 33.24684680881546], [-94.5904591599288, 33.25942945046229], [-94.57247313645874, 33.24983252039268], [-94.54083348933258, 33.269346278200885], [-94.52993684737628, 33.26732025963064], [-94.51785864183434, 33.28214218496037], [-94.47230280136638, 33.28854013834011], [-94.4442078449971, 33.28128912450973], [-94.43304863335509, 33.28747381277682], [-94.41571903409925, 33.28406157097429], [-94.41125534944246, 33.27083913398949], [-94.3793531326306, 33.255697310990776], [-94.36635593318873, 33.262841692264814], [-94.34469393411895, 33.25271159941356], [-94.33235315889132, 33.25612384121609], [-94.31200400825001, 33.248766194829386], [-94.27786994910976, 33.249192725054705], [-94.23178896927041, 33.24087538566104], [-94.24005991436978, 33.27339831534139], [-94.21852920014285, 33.28843350578378], [-94.21852920014285, 33.2969641102901], [-94.16640911753254, 33.31125287283819], [-94.14015214896311, 33.29408503126922], [-94.12045942253604, 33.29248554292428], [-94.1158644530364, 33.30517481712744], [-94.09078904805259, 33.30528144968376], [-94.07332816395392, 33.292059012698964], [-94.04300136525623, 33.29803043585339], [-94.04273879557053, 33.16026117307631], [-94.04287008041338, 32.88109714060696], [-94.05035331645567, 32.880883875494305], [-94.65400102386681, 32.87949765226203], [-94.6522943209098, 33.26881311541924]]]}}, {"type": "Feature", "properties": {"name": "Navarro", "id": "48349"}, "geometry": {"type": "Polygon", "coordinates": [[[-96.89621485485313, 32.07399532175269], [-96.3951006097056, 32.3236221361189], [-96.38302240416365, 32.32884713137902], [-96.367268223022, 32.3177573455208], [-96.33904198180986, 32.30592113176829], [-96.3096341770121, 32.299949708613866], [-96.28403363265691, 32.279262992686036], [-96.28587162045677, 32.25601709540631], [-96.2686733060438, 32.259002806983524], [-96.25659510050185, 32.24503394210442], [-96.23401410753215, 32.250045672251886], [-96.2294191380325, 32.236183439929114], [-96.19699178184925, 32.206966119494965], [-96.15944431679497, 32.20515336603737], [-96.1578688986808, 32.1912911337146], [-96.1765113463651, 32.18137430597601], [-96.16692755283727, 32.15866157147792], [-96.13843874193942, 32.15141055764755], [-96.11296948242709, 32.160580957491845], [-96.10246669499932, 32.14224015780326], [-96.1146761853841, 32.12645853946656], [-96.11152534915577, 32.11579528383366], [-96.11769573676958, 32.09468203768052], [-96.10535496154195, 32.07538154498497], [-96.06951419944468, 32.07644787054826], [-96.06268738761663, 32.02643720162995], [-96.0548102970458, 32.01257496930718], [-96.49671507806927, 31.79621751251562], [-96.71911160185233, 31.8148782098732], [-96.89621485485313, 32.07399532175269]]]}}, {"type": "Feature", "properties": {"name": "Brooks", "id": "48047"}, "geometry": {"type": "Polygon", "coordinates": [[[-98.52322791225772, 27.265186928983354], [-98.23243198535131, 27.262521115075128], [-98.0580857140503, 27.261028259286523], [-97.98614162017007, 27.260495096504876], [-97.98587905048439, 27.20931146946695], [-97.98548519595585, 26.780968490693322], [-98.3206553997446, 26.783101141819902], [-98.42266372263683, 26.783527672045217], [-98.41793746829433, 27.055334058127862], [-98.46651286014776, 27.054694262789887], [-98.46730056920485, 27.14202632642335], [-98.49290111356004, 27.14202632642335], [-98.49290111356004, 27.235009915542243], [-98.52322791225772, 27.265186928983354]]]}}, {"type": "Feature", "properties": {"name": "Van Zandt", "id": "48467"}, "geometry": {"type": "Polygon", "coordinates": [[[-96.07686615064412, 32.83844411807536], [-95.93442209615498, 32.83716452739941], [-95.92234389061304, 32.815518118464624], [-95.89516792814368, 32.80389516982476], [-95.86392213554606, 32.77702376562985], [-95.8295255067201, 32.767000305334925], [-95.79591658695124, 32.77531764472859], [-95.76151995812529, 32.77030591458112], [-95.76427693982508, 32.75953602639189], [-95.71045015425776, 32.745567161512795], [-95.67749765870312, 32.72775952460585], [-95.65977420491876, 32.71144474348751], [-95.63496136962064, 32.72040187821915], [-95.62629656999273, 32.70867229702296], [-95.59321278959526, 32.69321057635525], [-95.59452563802373, 32.687025888088165], [-95.59426306833804, 32.4798388311409], [-95.53912343434223, 32.433027138912465], [-95.50682736300183, 32.4147929717802], [-95.49383016355998, 32.389627688486556], [-95.44919331699194, 32.35518537279229], [-96.07594715674419, 32.35753128903153], [-96.07686615064412, 32.83844411807536]]]}}, {"type": "Feature", "properties": {"name": "Ellis", "id": "48139"}, "geometry": {"type": "Polygon", "coordinates": [[[-97.08684044666717, 32.549469890423744], [-97.03839633965657, 32.54861682997311], [-97.01358350435846, 32.548296932304126], [-96.5299301433096, 32.545311220726916], [-96.52008378009606, 32.5316622535168], [-96.50380445958302, 32.52697042103832], [-96.51246925921093, 32.51332145382821], [-96.50262289599739, 32.48986229143583], [-96.51023741688253, 32.48197148226748], [-96.49435195089802, 32.46768271971939], [-96.47689106679935, 32.43420009703208], [-96.43448606255973, 32.411487362534004], [-96.43448606255973, 32.388774628035925], [-96.45207823150125, 32.358597614594814], [-96.40809780914745, 32.328527233710034], [-96.38302240416365, 32.32884713137902], [-96.3951006097056, 32.3236221361189], [-96.89621485485313, 32.07399532175269], [-96.9407204165783, 32.05213564770524], [-97.08618402245294, 32.26540076036326], [-97.08684044666717, 32.549469890423744]]]}}, {"type": "Feature", "properties": {"name": "Fisher", "id": "48151"}, "geometry": {"type": "Polygon", "coordinates": [[[-100.65581889946667, 32.96341747409296], [-100.5191513780628, 32.96288431131131], [-100.14420186689136, 32.96000523229043], [-100.14656499406262, 32.52281175134149], [-100.66067643865202, 32.52526430013706], [-100.65581889946667, 32.96341747409296]]]}}, {"type": "Feature", "properties": {"name": "Donley", "id": "48129"}, "geometry": {"type": "Polygon", "coordinates": [[[-101.08630189916245, 35.182121073630654], [-100.53897538933272, 35.18318739919395], [-100.54068209228973, 34.747700039146274], [-100.94490812341607, 34.74823320192792], [-101.09076558381925, 34.74823320192792], [-101.08630189916245, 35.182121073630654]]]}}, {"type": "Feature", "properties": {"name": "Dallam", "id": "48111"}, "geometry": {"type": "Polygon", "coordinates": [[[-102.16244375598045, 36.500312734969874], [-102.16296889535184, 36.05522844485259], [-103.04087063947067, 36.05522844485259], [-103.04165834852775, 36.31754453342195], [-103.04192091821344, 36.500419367526206], [-103.00240418051645, 36.500419367526206], [-102.25040460068803, 36.500419367526206], [-102.16244375598045, 36.500312734969874]]]}}, {"type": "Feature", "properties": {"name": "Hunt", "id": "48231"}, "geometry": {"type": "Polygon", "coordinates": [[[-96.29716211694162, 32.98175827378155], [-96.29545541398461, 33.35198650935587], [-95.85867074183217, 33.409568089773536], [-95.8618215780605, 33.21933560928258], [-95.86326571133182, 33.00009907347014], [-95.86247800227474, 32.97951899009864], [-95.94531873811128, 32.97983888776763], [-95.97813994882307, 32.88621550331076], [-95.98719860297953, 32.87640530812849], [-95.956740519439, 32.845161969124085], [-95.93442209615498, 32.83716452739941], [-96.07686615064412, 32.83844411807536], [-96.29729340178447, 32.841749727321556], [-96.29716211694162, 32.98175827378155]]]}}, {"type": "Feature", "properties": {"name": "Mitchell", "id": "48335"}, "geometry": {"type": "Polygon", "coordinates": [[[-101.17452531355572, 32.52409134201744], [-101.17452531355572, 32.52771684893263], [-100.66067643865202, 32.52526430013706], [-100.66540269299452, 32.085405005279895], [-100.82163165598261, 32.08657796339951], [-101.18397782224072, 32.08721775873749], [-101.17452531355572, 32.52409134201744]]]}}, {"type": "Feature", "properties": {"name": "Wood", "id": "48499"}, "geometry": {"type": "Polygon", "coordinates": [[[-95.66541945316118, 32.960431762515746], [-95.3089811048312, 32.962564413642326], [-95.17297000764157, 32.96181798574803], [-95.15222700247172, 33.01342814301127], [-95.15012644498616, 33.00926947331443], [-95.15209571762887, 32.90263691698542], [-95.15275214184311, 32.66090091178756], [-95.15340856605734, 32.570156606351574], [-95.16496163222789, 32.54456479283261], [-95.1761208438699, 32.55522804846551], [-95.18911804331177, 32.546590811402865], [-95.20671021225328, 32.55991988094399], [-95.20434708508203, 32.57175609469651], [-95.2379560048509, 32.56055967628196], [-95.25029678007853, 32.57772751785093], [-95.27786659707643, 32.57154282958385], [-95.28128000299046, 32.57996680153384], [-95.34587214567125, 32.60918412196799], [-95.38972128318218, 32.60001372212369], [-95.41308998520898, 32.60715810339774], [-95.43527712365015, 32.606731573172425], [-95.44669890497785, 32.61376932189014], [-95.46914861310471, 32.60566524760913], [-95.5106346234444, 32.62699175887494], [-95.53019606502863, 32.647465209690104], [-95.58362899606742, 32.674656511554005], [-95.59452563802373, 32.687025888088165], [-95.59321278959526, 32.69321057635525], [-95.62629656999273, 32.70867229702296], [-95.63496136962064, 32.72040187821915], [-95.66541945316118, 32.960431762515746]]]}}, {"type": "Feature", "properties": {"name": "Concho", "id": "48095"}, "geometry": {"type": "Polygon", "coordinates": [[[-100.11124937133674, 31.580286585949377], [-99.72172724260928, 31.57676771159052], [-99.72212109713782, 31.56279884671142], [-99.67341442044152, 31.55533456776839], [-99.67315185075583, 31.547123860931055], [-99.65254013042883, 31.52750347056652], [-99.67052615389889, 31.51097542433552], [-99.66199263911382, 31.49849941524503], [-99.6466323125007, 31.49167493163997], [-99.62497031343092, 31.467469341353286], [-99.6081658535465, 31.480798410894412], [-99.62470774374523, 31.493487685097563], [-99.61433624116032, 31.50159175937857], [-99.60186418108984, 31.491994829308958], [-99.60147032656128, 31.125178835537167], [-99.6031770295183, 31.087324278040366], [-100.11518791662215, 31.08796407337834], [-100.11124937133674, 31.580286585949377]]]}}, {"type": "Feature", "properties": {"name": "Coke", "id": "48081"}, "geometry": {"type": "Polygon", "coordinates": [[[-100.82163165598261, 32.08657796339951], [-100.66540269299452, 32.085405005279895], [-100.2504113047547, 32.08156623325205], [-100.23518226298444, 32.082419293702685], [-100.23570740235583, 31.69299719798914], [-100.82530763158233, 31.69619617467901], [-100.82163165598261, 32.08657796339951]]]}}, {"type": "Feature", "properties": {"name": "Childress", "id": "48075"}, "geometry": {"type": "Polygon", "coordinates": [[[-100.4158302067421, 34.74748677403362], [-100.00044496397375, 34.74631381591399], [-100.00044496397375, 34.56055990278886], [-99.99755669743111, 34.560453270232536], [-99.99768798227396, 34.31178614887328], [-100.41779947938481, 34.31349226977455], [-100.4158302067421, 34.74748677403362]]]}}, {"type": "Feature", "properties": {"name": "Jeff Davis", "id": "48243"}, "geometry": {"type": "Polygon", "coordinates": [[[-104.917193613442, 30.663673131745213], [-104.10230859388979, 31.10523854750364], [-103.58504631307206, 30.766466916046376], [-103.43997656172597, 30.66591241542812], [-103.80061602502707, 30.412553461590395], [-103.90104892980513, 30.412233563921408], [-104.50036423740232, 30.532941617685847], [-104.97981648348008, 30.629230816050942], [-104.917193613442, 30.663673131745213]]]}}, {"type": "Feature", "properties": {"name": "Polk", "id": "48373"}, "geometry": {"type": "Polygon", "coordinates": [[[-95.20014597011092, 30.824581659245688], [-94.93928298737366, 31.042005441600537], [-94.84291991272386, 31.146611979359296], [-94.73854846266038, 31.103639059158706], [-94.7185931665476, 31.106944668404903], [-94.69837530074915, 31.096281412772004], [-94.67303732607965, 31.09585488254669], [-94.65793956915223, 31.0848717292448], [-94.61960439504087, 31.086257952477077], [-94.59886138987102, 31.06855694812646], [-94.56197034903097, 31.05896001805685], [-94.65793956915223, 31.012041693272085], [-94.54569102851792, 30.526970194531422], [-94.53794522278994, 30.491035023048546], [-94.73277192957511, 30.490075330041584], [-94.77727749130028, 30.489009004478294], [-94.84935287002337, 30.49359420440044], [-94.8658947602221, 30.49604675319601], [-94.86733889349343, 30.510762045969415], [-94.85263499109455, 30.524304380623196], [-94.83333611919602, 30.53048906889028], [-94.84291991272386, 30.546164054670644], [-94.87521598406425, 30.546057422114316], [-94.8895260319346, 30.556400780078228], [-94.91040032194728, 30.56151914278202], [-94.94020198127359, 30.55949312421177], [-94.96567124078592, 30.57655433322441], [-95.0034812755259, 30.5801798401396], [-95.02973824409533, 30.579113514576306], [-95.03551477718061, 30.585618100512377], [-95.0084700995541, 30.606091551327548], [-95.0246181352243, 30.64981089942244], [-95.05363208549352, 30.67124404324457], [-95.08829128400515, 30.672097103695204], [-95.10483317420389, 30.657914973703445], [-95.11888065238854, 30.67561597805406], [-95.10955942854639, 30.69278381962303], [-95.13542254258728, 30.69385014518632], [-95.14540019064367, 30.71379043321985], [-95.14474376642943, 30.744074079217285], [-95.13135271245902, 30.759429167328662], [-95.1393610878727, 30.776170478672316], [-95.13122142761617, 30.781715371601425], [-95.15682197197137, 30.800376068959004], [-95.17402028638433, 30.807627082789374], [-95.180321958841, 30.818396970978604], [-95.20014597011092, 30.824581659245688]]]}}, {"type": "Feature", "properties": {"name": "Jones", "id": "48253"}, "geometry": {"type": "Polygon", "coordinates": [[[-100.14420186689136, 32.96000523229043], [-99.9888918978032, 32.96011186484676], [-99.61197311398907, 32.95691288815689], [-99.61197311398907, 32.51460104450416], [-99.62956528293057, 32.514707677060485], [-99.62969656777342, 32.52067910021491], [-100.14656499406262, 32.52281175134149], [-100.14420186689136, 32.96000523229043]]]}}, {"type": "Feature", "properties": {"name": "Grimes", "id": "48185"}, "geometry": {"type": "Polygon", "coordinates": [[[-96.16837168610857, 30.82298217090075], [-96.12517897281187, 30.82660767781594], [-95.86300314164613, 30.86414233764375], [-95.83018193093434, 30.630297141614232], [-95.81744730117818, 30.50020542289284], [-95.80431881689346, 30.33780403960376], [-95.80431881689346, 30.245566878379165], [-95.92326288451297, 30.237249538985502], [-95.9537209680535, 30.236929641316515], [-96.08894435618606, 30.228718934479183], [-96.09314547115717, 30.225200060120326], [-96.0846119563721, 30.251218403864605], [-96.09918457392814, 30.255163808448778], [-96.08592480480057, 30.288966328805074], [-96.10062870719946, 30.29280510083292], [-96.09445831958564, 30.309333147063914], [-96.12045271846937, 30.30570764014873], [-96.15458677760962, 30.330339760660728], [-96.14158957816777, 30.3655285042493], [-96.14723482641018, 30.382802978374603], [-96.12176556689785, 30.383869303937892], [-96.10351697374209, 30.421190698653046], [-96.08789407744328, 30.41724529406887], [-96.08001698687245, 30.430041200828352], [-96.10469853732772, 30.444010065707452], [-96.12176556689785, 30.44347690292581], [-96.12938008778298, 30.4658697397549], [-96.13988287521074, 30.4724809582473], [-96.13213706948277, 30.490501860266903], [-96.15261750496693, 30.52089213882067], [-96.16154487428052, 30.541792119861157], [-96.16193872880908, 30.570582910069987], [-96.18228787945037, 30.586257895850352], [-96.18832698222134, 30.599373700278818], [-96.16403928629462, 30.65876803415408], [-96.17270408592253, 30.67988128030722], [-96.17795547963642, 30.709738396079345], [-96.16456442566601, 30.72210777261351], [-96.1625951530233, 30.739808776964125], [-96.17020967390843, 30.74887254425209], [-96.1625951530233, 30.769559260179918], [-96.18333815819315, 30.797283724825462], [-96.17388564950815, 30.801122496853306], [-96.16837168610857, 30.82298217090075]]]}}, {"type": "Feature", "properties": {"name": "Cooke", "id": "48097"}, "geometry": {"type": "Polygon", "coordinates": [[[-97.48397709627977, 33.915752834667344], [-97.46034582456728, 33.90391662091482], [-97.4508933158823, 33.89144061182433], [-97.45141845525367, 33.87096716100916], [-97.46284023658137, 33.841749840575005], [-97.45299387336784, 33.828527403590215], [-97.42647433511272, 33.81935700374592], [-97.3729101192311, 33.819463636302245], [-97.34835985361867, 33.84388249170159], [-97.33654421776242, 33.87277991446675], [-97.31435707932127, 33.86702175642498], [-97.29925932239384, 33.880137560853456], [-97.27155822055309, 33.86254318905917], [-97.25659174846852, 33.863289616953466], [-97.24923979726908, 33.87512583070599], [-97.24622024588359, 33.900291113999636], [-97.22652751945652, 33.91468650910405], [-97.21090462315772, 33.91607273233633], [-97.1796588305601, 33.89229367227496], [-97.16666163111823, 33.847294733504114], [-97.18136553351711, 33.831406482611094], [-97.19751356918731, 33.829806994266164], [-97.20539065975814, 33.801442734282645], [-97.19042418767356, 33.781182548580134], [-97.17217559451781, 33.73756983304157], [-97.14933203186241, 33.722001479817536], [-97.12609461467846, 33.71698974967007], [-97.0972119492521, 33.7277596378593], [-97.08618402245294, 33.74396778642131], [-97.08526502855301, 33.76550756279977], [-97.094717537238, 33.79856365526176], [-97.0785695015678, 33.81274578525352], [-97.04811141802726, 33.817437617732], [-97.05782649639795, 33.834498826744635], [-97.08342704075315, 33.84047024989906], [-97.0872343011957, 33.8534794217712], [-97.06806671414003, 33.86051717048892], [-97.05585722375524, 33.85571870545411], [-97.04128460619921, 33.83780443599083], [-97.0239550069434, 33.84420238937058], [-96.98561983283203, 33.886535514233195], [-96.98496340861779, 33.90487631392178], [-96.99507234151702, 33.932067615785684], [-96.99533491120272, 33.94731607134073], [-96.97249134854731, 33.93579975525719], [-96.94465896186372, 33.94923545735465], [-96.94387125280663, 33.41639257337859], [-97.22009456215702, 33.42513644299757], [-97.38315033697316, 33.43046807081402], [-97.38590731867295, 33.43292061960959], [-97.4871279325081, 33.43366704750389], [-97.48397709627977, 33.915752834667344]]]}}, {"type": "Feature", "properties": {"name": "Williamson", "id": "48491"}, "geometry": {"type": "Polygon", "coordinates": [[[-98.04994605379379, 30.624112453347152], [-97.96290420298614, 30.7856607761856], [-97.82846852391066, 30.90615556483738], [-97.76427023575842, 30.898264755669032], [-97.62484573265475, 30.870327025910832], [-97.31553864290689, 30.752391418610948], [-97.27142693571025, 30.735650107267293], [-97.15523984979053, 30.457339135248578], [-97.33444366027688, 30.402849898964455], [-97.36949671331706, 30.41959121030811], [-97.40507490572864, 30.441664149468217], [-97.41597154768495, 30.437398847215054], [-97.4456419221684, 30.46139117238908], [-97.46691006670964, 30.464163618853636], [-97.51220333749191, 30.48517023245045], [-97.52808880347641, 30.47546666982451], [-97.54673125116071, 30.47482687448654], [-97.55382063267444, 30.49039522771057], [-97.57613905595846, 30.501804911237777], [-97.59622563691407, 30.50148501356879], [-97.65149655575271, 30.474933507042866], [-97.66383733098036, 30.481544725535265], [-97.68287363319318, 30.48005186974666], [-97.6887814511213, 30.46139117238908], [-97.7466780668169, 30.449448326080233], [-97.7536361634878, 30.433346810074553], [-97.77346017475772, 30.430680996166327], [-97.7945970344561, 30.444756493601755], [-97.81192663371192, 30.446995777284666], [-97.84842382002343, 30.47269422335996], [-97.85748247417987, 30.501591646125117], [-97.87139866752167, 30.522704892278263], [-97.8678539767648, 30.54648395233963], [-97.91511652018977, 30.580606370364915], [-97.91708579283248, 30.604918593207927], [-97.93480924661685, 30.61025022102438], [-97.95673381537232, 30.62827112304398], [-97.99099915935543, 30.60982369079906], [-98.01279244326805, 30.616754806960447], [-98.03655499982338, 30.611743076812985], [-98.04994605379379, 30.624112453347152]]]}}, {"type": "Feature", "properties": {"name": "Cochran", "id": "48079"}, "geometry": {"type": "Polygon", "coordinates": [[[-103.04730359677018, 33.82468863156237], [-102.61550774864592, 33.825115161787686], [-102.59489602831893, 33.388454843620394], [-103.05662482061233, 33.388454843620394], [-103.05255499048405, 33.570583249830335], [-103.05150471174129, 33.65045103452077], [-103.04730359677018, 33.82468863156237]]]}}, {"type": "Feature", "properties": {"name": "Cottle", "id": "48101"}, "geometry": {"type": "Polygon", "coordinates": [[[-100.51731339026294, 34.31413206511252], [-100.41779947938481, 34.31349226977455], [-99.99768798227396, 34.31178614887328], [-99.99755669743111, 34.224347452683496], [-100.0097661878159, 34.241941824477784], [-100.0373360048138, 34.23874284778791], [-100.04705108318448, 34.22978571305627], [-100.0484952164558, 33.83599168253324], [-100.51862623869141, 33.83567178486425], [-100.51731339026294, 34.31413206511252]]]}}, {"type": "Feature", "properties": {"name": "Young", "id": "48503"}, "geometry": {"type": "Polygon", "coordinates": [[[-98.9539734816392, 33.39751861090836], [-98.42069444999412, 33.39623902023241], [-98.42660226792223, 33.00788325008216], [-98.42725869213646, 32.95232768823474], [-98.57561056455374, 32.954353706804994], [-98.95082264541087, 32.95691288815689], [-98.9539734816392, 33.39751861090836]]]}}, {"type": "Feature", "properties": {"name": "Frio", "id": "48163"}, "geometry": {"type": "Polygon", "coordinates": [[[-99.41386428613272, 29.091376088673968], [-98.80496518500769, 29.090416395667006], [-98.80089535487943, 28.647464756676303], [-99.39574697781983, 28.640746905627573], [-99.40900674694738, 28.640533640514917], [-99.41386428613272, 29.091376088673968]]]}}, {"type": "Feature", "properties": {"name": "Hays", "id": "48209"}, "geometry": {"type": "Polygon", "coordinates": [[[-98.17295995154156, 30.356358104405007], [-97.98902988671271, 30.22679954846526], [-97.96894330575711, 30.21091129757224], [-97.85721990449419, 30.13125677799447], [-97.71018088050539, 30.02451758910913], [-97.76138196921578, 29.987302826950305], [-97.79262776181339, 29.945076334644018], [-97.8492115290805, 29.915965646766196], [-97.89384837564855, 29.883762614754836], [-97.89923105420527, 29.8575310058979], [-97.87520592796425, 29.858170801235875], [-97.94360533108761, 29.806880541641622], [-97.9992701044548, 29.7523913053575], [-98.03051589705241, 29.848573871166266], [-98.2975492674035, 30.037953291206584], [-98.17295995154156, 30.356358104405007]]]}}, {"type": "Feature", "properties": {"name": "Medina", "id": "48325"}, "geometry": {"type": "Polygon", "coordinates": [[[-99.41176372864717, 29.62752458189623], [-99.00031703116423, 29.62325927964307], [-98.98246229253702, 29.622406219192435], [-98.97616062008036, 29.61323581934814], [-98.98705726203667, 29.584658294251966], [-98.98521927423681, 29.564078210880467], [-98.96473883875267, 29.558853215620346], [-98.92719137369838, 29.562265457422875], [-98.80654060312186, 29.69075768779933], [-98.80562160922193, 29.52270477902481], [-98.804702615322, 29.25068512782951], [-98.80496518500769, 29.090416395667006], [-99.41386428613272, 29.091376088673968], [-99.41176372864717, 29.62752458189623]]]}}, {"type": "Feature", "properties": {"name": "Henderson", "id": "48213"}, "geometry": {"type": "Polygon", "coordinates": [[[-96.45207823150125, 32.358597614594814], [-96.24963700383095, 32.358704247151145], [-96.20040518776328, 32.354865475123304], [-96.19567893342078, 32.3581710843695], [-96.07594715674419, 32.35753128903153], [-95.44919331699194, 32.35518537279229], [-95.45785811661986, 32.32788743837206], [-95.44696147466354, 32.29579103891703], [-95.45733297724847, 32.27307830441895], [-95.4699363221618, 32.262095151117066], [-95.46757319499055, 32.24663343044936], [-95.4880536304747, 32.234903849253165], [-95.47899497631825, 32.212191114755086], [-95.46258437096236, 32.20174112423484], [-95.47860112178971, 32.14725188795072], [-95.45995867410541, 32.13552230675453], [-95.45772683177701, 32.113342735038096], [-95.4284503118221, 32.08444531227293], [-96.0528410244031, 32.005857118258454], [-96.0548102970458, 32.01257496930718], [-96.06268738761663, 32.02643720162995], [-96.06951419944468, 32.07644787054826], [-96.10535496154195, 32.07538154498497], [-96.11769573676958, 32.09468203768052], [-96.11152534915577, 32.11579528383366], [-96.1146761853841, 32.12645853946656], [-96.10246669499932, 32.14224015780326], [-96.11296948242709, 32.160580957491845], [-96.13843874193942, 32.15141055764755], [-96.16692755283727, 32.15866157147792], [-96.1765113463651, 32.18137430597601], [-96.1578688986808, 32.1912911337146], [-96.15944431679497, 32.20515336603737], [-96.19699178184925, 32.206966119494965], [-96.2294191380325, 32.236183439929114], [-96.23401410753215, 32.250045672251886], [-96.25659510050185, 32.24503394210442], [-96.2686733060438, 32.259002806983524], [-96.28587162045677, 32.25601709540631], [-96.28403363265691, 32.279262992686036], [-96.3096341770121, 32.299949708613866], [-96.33904198180986, 32.30592113176829], [-96.367268223022, 32.3177573455208], [-96.38302240416365, 32.32884713137902], [-96.40809780914745, 32.328527233710034], [-96.45207823150125, 32.358597614594814]]]}}, {"type": "Feature", "properties": {"name": "Walker", "id": "48471"}, "geometry": {"type": "Polygon", "coordinates": [[[-95.61789434005053, 30.930467787680392], [-95.43475198427876, 31.05810695760622], [-95.43435812975022, 30.937398903841782], [-95.41007043382349, 30.927695341215838], [-95.41519054269453, 30.909567806639906], [-95.3981235131244, 30.89197343484562], [-95.39155927098204, 30.875232123501966], [-95.39667937985308, 30.85774438426401], [-95.38328832588269, 30.852945919229203], [-95.35204253328506, 30.856997956369707], [-95.34534700629986, 30.875338756058298], [-95.32749226767265, 30.859557137721602], [-95.35913191479881, 30.50436409258967], [-95.59885803783769, 30.50894929251182], [-95.83018193093434, 30.630297141614232], [-95.86300314164613, 30.86414233764375], [-95.85026851188996, 30.86766121200261], [-95.82991936124866, 30.8621163190735], [-95.79644172632263, 30.87821783507918], [-95.78449480562354, 30.87928416064247], [-95.76493336403932, 30.896345369655112], [-95.733425001756, 30.900077509126625], [-95.71648925702873, 30.911380560097502], [-95.68681888254527, 30.90093056957726], [-95.66620716221827, 30.90498260671776], [-95.65465409604772, 30.895812206873465], [-95.62970997590676, 30.899970876570297], [-95.62957869106391, 30.908608113632948], [-95.6119865221224, 30.918205043702557], [-95.61789434005053, 30.930467787680392]]]}}, {"type": "Feature", "properties": {"name": "Parmer", "id": "48369"}, "geometry": {"type": "Polygon", "coordinates": [[[-103.04270862727053, 34.74738014147729], [-102.5251837767671, 34.74695361125197], [-102.52557763129565, 34.31306573954923], [-102.61511389411739, 34.312852474436575], [-103.044021475699, 34.31274584188024], [-103.04362762117046, 34.46267121607883], [-103.04270862727053, 34.74738014147729]]]}}, {"type": "Feature", "properties": {"name": "Motley", "id": "48345"}, "geometry": {"type": "Polygon", "coordinates": [[[-101.04153376775157, 34.312425944211256], [-100.9460896870017, 34.31274584188024], [-100.51731339026294, 34.31413206511252], [-100.51862623869141, 33.83567178486425], [-101.04113991322302, 33.833645766294005], [-101.04140248290872, 34.13083070078295], [-101.04153376775157, 34.312425944211256]]]}}, {"type": "Feature", "properties": {"name": "Galveston", "id": "48167"}, "geometry": {"type": "MultiPolygon", "coordinates": [[[[-95.21642529062396, 29.55608076915579], [-95.200933679168, 29.563225150429837], [-95.19948954589668, 29.544564453072258], [-95.1830789405408, 29.518972639553297], [-95.16968788657039, 29.514920602412793], [-95.16351749895657, 29.49785939340015], [-95.14106779082971, 29.506496630462802], [-95.11717394943153, 29.507989486251407], [-95.08015162374863, 29.5336879323267], [-95.06505386682122, 29.55842668539503], [-95.0176600385534, 29.548189959987447], [-95.01818517792478, 29.554587913367186], [-95.0151656265393, 29.53997925315011], [-94.99954273024049, 29.521105290679877], [-94.98195056129897, 29.511188462941277], [-94.90948132804735, 29.49679306783686], [-94.92589193340325, 29.46906860319132], [-94.93088075743144, 29.450514538390074], [-94.89083888036306, 29.433453329377432], [-94.88729418960618, 29.41511252968884], [-94.8865064805491, 29.366381451446482], [-94.89425228627708, 29.338017191462967], [-94.89398971659139, 29.308160075690843], [-94.92155953358929, 29.28160856916492], [-94.95254275650122, 29.290139173671243], [-95.02251757773874, 29.229678514232695], [-95.05862090952171, 29.2032336402631], [-95.23309846566555, 29.465549728832464], [-95.21642529062396, 29.55608076915579]]], [[[-94.51103183000629, 29.542964964727325], [-94.47466592853763, 29.558320052838702], [-94.422808415613, 29.566210862007047], [-94.41283076755663, 29.572608815386786], [-94.40652909509996, 29.59830726146208], [-94.37186989658832, 29.59713430334246], [-94.37081961784554, 29.555654238930476], [-94.50079161226421, 29.505323672343184], [-94.59479155974276, 29.4678956450717], [-94.67041162922271, 29.430787515469206], [-94.70848423364838, 29.40306305082366], [-94.73106522661809, 29.369153897911037], [-94.7787216245716, 29.36147635385535], [-94.7831853092284, 29.375658483847108], [-94.76690598871537, 29.393466120754052], [-94.7238445602615, 29.426522213216046], [-94.70638367616283, 29.43675893862363], [-94.68642838005006, 29.466509421839422], [-94.67238090186542, 29.476852779803338], [-94.62826919466877, 29.475999719352707], [-94.59426642037137, 29.492101235358387], [-94.595447983957, 29.50766958858242], [-94.58021894218672, 29.52526396037671], [-94.56669660337347, 29.531981811425435], [-94.53229997454753, 29.517799681433676], [-94.49501507917893, 29.52505069526405], [-94.51103183000629, 29.542964964727325]]], [[[-95.10562088326098, 29.123045957903685], [-95.09866278659008, 29.12880411594545], [-95.00387513005444, 29.184466310349194], [-94.99153435482681, 29.20110098913652], [-94.87928581419251, 29.285873871418083], [-94.86510705116501, 29.293977945699087], [-94.8249338892538, 29.306027424564263], [-94.82230819239685, 29.34420187973005], [-94.8107551262263, 29.353478912130672], [-94.78489201218542, 29.3355646426674], [-94.73106522661809, 29.331832503195884], [-94.80366574471256, 29.279262652925684], [-95.02619355333846, 29.148104608641002], [-95.0817270418628, 29.111209744151164], [-95.11927450691708, 29.077833754020183], [-95.1299085791877, 29.085617930632203], [-95.10562088326098, 29.123045957903685]]]]}}, {"type": "Feature", "properties": {"name": "Harris", "id": "48201"}, "geometry": {"type": "Polygon", "coordinates": [[[-95.80326853815069, 30.09009661125147], [-95.76086353391105, 30.086364471779955], [-95.68563731895965, 30.106944555151454], [-95.67250883467493, 30.101506294778673], [-95.61960104300753, 30.13552208024763], [-95.590849662424, 30.136055243029276], [-95.55146420956987, 30.17060419127987], [-95.52953964081439, 30.16580572624507], [-95.51851171401523, 30.152156759034952], [-95.50105082991657, 30.143732787084964], [-95.48844748500323, 30.108010880714744], [-95.47479386134714, 30.103212415679938], [-95.424249196851, 30.115475159657777], [-95.39562910111032, 30.084018555540716], [-95.3750173807833, 30.086364471779955], [-95.35361795139923, 30.076341011485027], [-95.3095062442026, 30.045630835262273], [-95.3109503774739, 30.032834928502794], [-95.29296435400384, 30.02792983091166], [-95.26368783404894, 30.032515030833807], [-95.09669351394737, 30.167191949477346], [-95.03091980768096, 29.993700780330045], [-94.99980529992618, 29.991461496647137], [-94.985363967213, 29.972267636507915], [-94.99862373634056, 29.919804418794044], [-94.98142542192758, 29.884295777536483], [-94.97683045242793, 29.867980996418144], [-94.9530678958726, 29.855291722214993], [-94.93455673303116, 29.834285108618175], [-94.90987518257589, 29.821275936746037], [-94.92300366686061, 29.802401974275803], [-94.91381372786131, 29.76625353768027], [-94.94545337498747, 29.716242868761963], [-94.93258746038845, 29.714323482748043], [-94.92996176353151, 29.69736890629173], [-94.91552043081832, 29.697795436517044], [-94.93114332711713, 29.673909743899348], [-94.94269639328768, 29.697795436517044], [-94.96593381047163, 29.700354617868943], [-94.97262933745682, 29.684892897201234], [-95.00545054816861, 29.6594077162386], [-95.01569076591069, 29.639467428205077], [-95.01345892358229, 29.629230702797493], [-94.98273827035605, 29.601292973039293], [-95.00768239049701, 29.574208303731723], [-95.01818517792478, 29.554587913367186], [-95.0176600385534, 29.548189959987447], [-95.06505386682122, 29.55842668539503], [-95.08015162374863, 29.5336879323267], [-95.11717394943153, 29.507989486251407], [-95.14106779082971, 29.506496630462802], [-95.16351749895657, 29.49785939340015], [-95.16968788657039, 29.514920602412793], [-95.1830789405408, 29.518972639553297], [-95.19948954589668, 29.544564453072258], [-95.200933679168, 29.563225150429837], [-95.21642529062396, 29.55608076915579], [-95.2379560048509, 29.56141239697224], [-95.2538414708354, 29.553734852916552], [-95.26158727656338, 29.593188898758285], [-95.28653139670433, 29.597880731236764], [-95.33116824327237, 29.599160321912713], [-95.34626600019979, 29.585617987258928], [-95.37541123531186, 29.58828380116715], [-95.42411791200814, 29.580179726886147], [-95.5978077590949, 29.661007204583537], [-95.62183288533593, 29.67358984623036], [-95.82624338564894, 29.788326476840375], [-95.86891095957425, 29.908821265492154], [-95.9606790647244, 30.16345981000583], [-95.9445310290542, 30.14821135445078], [-95.92903941759825, 30.14415931731028], [-95.91551707878499, 30.130936880325482], [-95.89083552832972, 30.11899403401663], [-95.87403106844529, 30.122193010706503], [-95.84475454849039, 30.08892365313185], [-95.82860651282019, 30.08177927185781], [-95.80326853815069, 30.09009661125147]]]}}, {"type": "Feature", "properties": {"name": "Wichita", "id": "48485"}, "geometry": {"type": "Polygon", "coordinates": [[[-98.95239806352502, 34.2126178714873], [-98.90933663507117, 34.17753576045506], [-98.85564113434668, 34.16164750956204], [-98.83109086873428, 34.16218067234368], [-98.80680317280755, 34.15588935152027], [-98.79196798556582, 34.14373324009877], [-98.76557973215355, 34.13637559371206], [-98.75704621736848, 34.12464601251587], [-98.73433393955592, 34.135735798374085], [-98.69009094751644, 34.133176617022194], [-98.64807979780537, 34.16441995602659], [-98.62169154439309, 34.15716894219622], [-98.5997669756376, 34.160581183998744], [-98.5771859826679, 34.14895823535889], [-98.55092901409847, 34.11931438469942], [-98.5041916100449, 34.07239605991466], [-98.48633687141768, 34.062585864732384], [-98.44905197604909, 34.073462385477946], [-98.44275030359243, 34.08316594810388], [-98.42305757716537, 34.0835924783292], [-98.42305757716537, 33.84377585914526], [-98.42358271653674, 33.83609831508957], [-98.95318577258212, 33.834072296519324], [-98.95239806352502, 34.2126178714873]]]}}, {"type": "Feature", "properties": {"name": "Midland", "id": "48329"}, "geometry": {"type": "Polygon", "coordinates": [[[-102.28703307184239, 32.08700449362483], [-102.21128171751958, 32.08679122851217], [-101.77607246348131, 32.0868978610685], [-101.77580989379562, 31.6513038684645], [-102.28729564152808, 31.6513038684645], [-102.28703307184239, 32.08700449362483]]]}}, {"type": "Feature", "properties": {"name": "Dawson", "id": "48115"}, "geometry": {"type": "Polygon", "coordinates": [[[-102.2085247358198, 32.95893890672714], [-102.07618961422988, 32.95968533462144], [-101.69126245500206, 32.96181798574803], [-101.68876804298797, 32.52526430013706], [-102.20274820273453, 32.523238281566805], [-102.2085247358198, 32.95893890672714]]]}}, {"type": "Feature", "properties": {"name": "Pecos", "id": "48371"}, "geometry": {"type": "Polygon", "coordinates": [[[-103.58504631307206, 30.766466916046376], [-103.01106898014436, 31.37128677554452], [-102.99885948975958, 31.35913066412301], [-102.96564442451925, 31.351346487510995], [-102.93361092286455, 31.350066896835045], [-102.91391819643748, 31.33908374353316], [-102.89566960328173, 31.322022534520517], [-102.87545173748327, 31.31626437647875], [-102.87794614949736, 31.306987344078127], [-102.85628415042758, 31.290885828072447], [-102.83882326632892, 31.28587409792498], [-102.82674506078698, 31.26689350289842], [-102.80206351033172, 31.28107563289018], [-102.76740431182007, 31.29376490709333], [-102.75322554879259, 31.279156246876255], [-102.72998813160864, 31.287686851382574], [-102.7248680227376, 31.308373567310404], [-102.70832613253886, 31.31114601377496], [-102.67616134604131, 31.33012660880152], [-102.66198258301382, 31.31594447880976], [-102.64097700815827, 31.309653157986354], [-102.62889880261633, 31.290992460628775], [-102.61642674254585, 31.28939297228384], [-102.60067256140421, 31.267106768011075], [-102.57901056233443, 31.271478702820566], [-102.52308321928155, 31.262734833201588], [-102.5023402141117, 31.25292463801932], [-102.45061398602992, 31.213363959621255], [-102.4399799137593, 31.209951717818726], [-102.42960841117439, 31.193530304144062], [-102.42291288418917, 31.149277793267522], [-102.43013355054578, 31.12901760756501], [-102.42015590248938, 31.11824771937578], [-102.40610842430475, 31.087857440822013], [-102.38877882504892, 31.087111012927707], [-102.37092408642171, 31.08508499435746], [-102.35635146886568, 31.074421738724556], [-102.3207732764541, 31.061839097077733], [-102.2890023444851, 31.035820753333454], [-102.265896212144, 31.03422126498852], [-102.24659734024547, 31.042005441600537], [-102.23202472268943, 31.035500855664466], [-102.20143535430606, 31.030489125517004], [-102.17045213139413, 31.00607027011766], [-102.15194096855268, 31.00734986079361], [-102.13933762363935, 30.994873851703115], [-102.1277845574688, 31.001165172526527], [-102.1099298188416, 30.99028865178097], [-102.09719518908543, 30.995620279597418], [-102.08170357762945, 30.98666314486578], [-102.04914493660337, 31.003617721322094], [-102.03260304640463, 30.996899870273367], [-102.01172875639193, 30.97930549847908], [-101.99308630870765, 30.989328958774006], [-101.96118409189579, 30.97066826141643], [-101.95186286805364, 30.95563307097404], [-101.92101092998456, 30.946356038573416], [-101.90814501538554, 30.928228503997484], [-101.88346346493027, 30.92566932264559], [-101.87427352593097, 30.912233620548133], [-101.89120927065827, 30.890693844169675], [-101.86009476290349, 30.87363263515703], [-101.8451282908189, 30.841003072920355], [-101.84722884830447, 30.828420431273532], [-101.83147466716281, 30.801762292191277], [-101.83987689710503, 30.785234245960282], [-101.8344942185483, 30.757936311540057], [-101.815851770864, 30.751964888385633], [-101.80797468029317, 30.72530674930338], [-101.80744954092178, 30.699501670671758], [-101.77580989379562, 30.680840973314183], [-101.76845794259619, 30.65311650866864], [-101.99754999336444, 30.6540762016756], [-102.13776220552519, 30.655995587689524], [-102.13841862973942, 30.597560946821226], [-102.34296041489527, 30.598733904940847], [-102.34309169973811, 30.284167863770268], [-102.56693235679249, 30.283314803319634], [-102.56706364163534, 30.05277521653632], [-103.20143200227271, 30.50020542289284], [-103.43997656172597, 30.66591241542812], [-103.58504631307206, 30.766466916046376]]]}}, {"type": "Feature", "properties": {"name": "Nacogdoches", "id": "48347"}, "geometry": {"type": "Polygon", "coordinates": [[[-94.93757628441664, 31.845588386095955], [-94.45247879009646, 31.844308795420005], [-94.43396762725502, 31.824581772499137], [-94.42398997919862, 31.798989958980176], [-94.42845366385544, 31.776063959369438], [-94.4141436159851, 31.751965001639082], [-94.41269948271378, 31.721254825416327], [-94.41676931284204, 31.70589973730495], [-94.40377211340017, 31.68158751446194], [-94.40705423447135, 31.665166100787268], [-94.39904585905768, 31.653543152147407], [-94.39536988345796, 31.638721226817673], [-94.36714364224582, 31.63370949667021], [-94.35033918236138, 31.60694472503163], [-94.33366600731979, 31.602786055334796], [-94.32815204392021, 31.592442697370885], [-94.31108501435008, 31.589243720681015], [-94.31344814152133, 31.575594753470902], [-94.30491462673628, 31.563332009493067], [-94.308590602336, 31.55192232596586], [-94.30058222692232, 31.52643714500323], [-94.3055710509505, 31.496580029231104], [-94.31883082007806, 31.481651471345046], [-94.31187272340718, 31.468855564585564], [-94.32093137756362, 31.444969871967864], [-94.30491462673628, 31.42183060724447], [-94.3127917173071, 31.404342868006513], [-94.3269704803346, 31.39997093319702], [-94.32631405612035, 31.367448003516675], [-94.31344814152133, 31.337484255188222], [-94.3222442259921, 31.32362202286545], [-94.31594255353544, 31.30453479528256], [-94.3222442259921, 31.285554200255994], [-94.33957382524792, 31.263267995983234], [-94.33248444373417, 31.251005252005395], [-94.33983639493361, 31.24076852659781], [-94.32657662580606, 31.22477364314846], [-94.34771348550444, 31.236929754569967], [-94.35742856387513, 31.25932259139906], [-94.38302910823032, 31.27414451672879], [-94.38539223540157, 31.290032767621813], [-94.39602630767219, 31.302402144155977], [-94.44945923871097, 31.321382739182543], [-94.47072738325221, 31.37235310110781], [-94.46980838935228, 31.383976049747673], [-94.4871379886081, 31.390800533352728], [-94.49593407307886, 31.40572909123879], [-94.51575808434878, 31.409354598153975], [-94.53138098064758, 31.398584709964744], [-94.54240890744674, 31.404982663344487], [-94.54516588914655, 31.431854067539398], [-94.58140050577235, 31.433240290771675], [-94.58428877231499, 31.44422344407356], [-94.62905690372587, 31.44027803948939], [-94.66030269632348, 31.452327518354565], [-94.68629709520721, 31.45083466256596], [-94.72870209944683, 31.4572326159457], [-94.75298979537357, 31.47024178781784], [-94.7653305706012, 31.469921890148854], [-94.78082218205715, 31.48133157367606], [-94.82283333176824, 31.48399738758428], [-94.84003164618122, 31.507669815089322], [-94.85302884562309, 31.508522875539953], [-94.8658947602221, 31.526863675228544], [-94.88401206853501, 31.529742754249426], [-94.89359586206285, 31.54115243777663], [-94.89228301363438, 31.57804730226647], [-94.91236959458999, 31.568983534978504], [-94.92418523044623, 31.579540158055075], [-94.93350645428838, 31.621766650361362], [-94.96593381047163, 31.697795663023946], [-94.95831928958648, 31.72413390443721], [-94.97276062229967, 31.737676239090995], [-94.9672466589001, 31.753777755096678], [-94.93166846648852, 31.754524182990977], [-94.92917405447443, 31.7663603967435], [-94.97184162839974, 31.78235528019285], [-94.9781433008564, 31.79333843349474], [-94.95543102304386, 31.79632414507195], [-94.93586958145963, 31.831512888660523], [-94.93757628441664, 31.845588386095955]]]}}, {"type": "Feature", "properties": {"name": "Victoria", "id": "48469"}, "geometry": {"type": "Polygon", "coordinates": [[[-97.30595484937905, 28.86403547858052], [-96.97642989383273, 29.10406536287712], [-96.93861985909275, 29.06322509380311], [-96.83884337852892, 29.025370536306312], [-96.83214785154372, 29.021318499165808], [-96.81665624008775, 28.985383327682932], [-96.79210597447533, 28.918844612533633], [-96.77608922364799, 28.915965533512747], [-96.75849705470647, 28.896451775704538], [-96.74024846155072, 28.893892594352643], [-96.73250265582274, 28.87704465045266], [-96.71149708096719, 28.851452836933696], [-96.71963674122372, 28.817223786352084], [-96.70716468115324, 28.81551766545082], [-96.6950864756113, 28.79205850305844], [-96.69928759058241, 28.778622800960985], [-96.68760323956901, 28.764653936081885], [-96.66987978578466, 28.760282001272394], [-96.66843565251334, 28.737569266774315], [-96.64349153237238, 28.712084085811682], [-96.66567867081355, 28.705686132431943], [-96.72278757745205, 28.669750960949067], [-96.8538098506135, 28.635202012698464], [-96.93034891399338, 28.586684199568765], [-96.91682657518012, 28.5710092137884], [-96.90382937573825, 28.567063809204228], [-96.89516457611035, 28.549256172297284], [-96.90592993322382, 28.5324082283973], [-96.89096346113924, 28.507136312547324], [-96.9017288182527, 28.50958886134289], [-96.91551372675166, 28.499138870822648], [-96.91525115706595, 28.485809801281523], [-96.95555560382003, 28.50436386608277], [-96.982206426918, 28.499672033604295], [-97.01975389197229, 28.520252116975794], [-97.0306505339286, 28.541578628241595], [-97.03984047292789, 28.532088330728314], [-97.07200525942544, 28.547123521170704], [-97.09077899195259, 28.53454087952388], [-97.10522032466577, 28.554801065226393], [-97.12504433593568, 28.54531076771311], [-97.14027337770595, 28.55384137221943], [-97.16075381319011, 28.553521474550443], [-97.15392700136206, 28.57015615333777], [-97.17033760671795, 28.579753083407383], [-97.18241581225989, 28.610569892186465], [-97.16771190986101, 28.727865704148375], [-97.17795212760308, 28.73692947143634], [-97.16784319470386, 28.74791262473823], [-97.15891582539025, 28.776170252165418], [-97.17637670948892, 28.790778912382493], [-97.19016161798787, 28.812425321317278], [-97.18622307270246, 28.83289877213245], [-97.2027649629012, 28.853798753172935], [-97.23191019801325, 28.865315069256468], [-97.23926214921269, 28.853798753172935], [-97.25593532425428, 28.848467125356485], [-97.30306658283641, 28.845054883553956], [-97.30595484937905, 28.86403547858052]]]}}, {"type": "Feature", "properties": {"name": "Guadalupe", "id": "48187"}, "geometry": {"type": "Polygon", "coordinates": [[[-98.3109403213739, 29.594468489434234], [-98.19764150199683, 29.6380812049728], [-98.08998793086216, 29.683506673968957], [-97.9992701044548, 29.7523913053575], [-97.94360533108761, 29.806880541641622], [-97.87520592796425, 29.858170801235875], [-97.84868638970912, 29.843348875906145], [-97.84159700819538, 29.824901443661226], [-97.84238471725246, 29.799202997585933], [-97.82951880265344, 29.793444839544165], [-97.80024228269853, 29.76625353768027], [-97.7809434108, 29.759215788962553], [-97.76834006588668, 29.71890868267019], [-97.73840712171753, 29.712937259515765], [-97.74339594574572, 29.698861762080334], [-97.72186523151879, 29.68212045073668], [-97.70387920804873, 29.68126739028605], [-97.68825631174992, 29.6726301532234], [-97.65110270122418, 29.666445464956315], [-97.65438482229536, 29.658021493006324], [-97.63311667775412, 29.64981078616899], [-97.74654678197405, 29.50031194219572], [-97.75389873317349, 29.48858236099953], [-97.84041544460976, 29.376831441966726], [-98.08473653714827, 29.37960388843128], [-98.11322534804611, 29.36563502355218], [-98.12254657188825, 29.37853756286799], [-98.13423092290165, 29.441770668771092], [-98.12083986893124, 29.450301273277415], [-98.12254657188825, 29.477919105366627], [-98.14276443768672, 29.48644970987295], [-98.16468900644219, 29.478132370479287], [-98.16836498204191, 29.496153272498887], [-98.18635100551197, 29.501165002646353], [-98.20473088351056, 29.522171616243167], [-98.21917221622375, 29.524091002257087], [-98.23702695485096, 29.555974136599463], [-98.27365542600532, 29.551175671564657], [-98.29820569161774, 29.561092499303253], [-98.3109403213739, 29.594468489434234]]]}}, {"type": "Feature", "properties": {"name": "Glasscock", "id": "48173"}, "geometry": {"type": "Polygon", "coordinates": [[[-101.77607246348131, 32.0868978610685], [-101.69506971544463, 32.087537656406475], [-101.26419286122032, 32.087111126181156], [-101.26708112776295, 31.650877338239184], [-101.77580989379562, 31.6513038684645], [-101.77607246348131, 32.0868978610685]]]}}, {"type": "Feature", "properties": {"name": "Titus", "id": "48449"}, "geometry": {"type": "Polygon", "coordinates": [[[-95.1254448945309, 33.38941453662735], [-95.09341139287619, 33.39751861090836], [-95.07424380582052, 33.385895662268496], [-95.05757063077893, 33.39154718775393], [-95.04956225536525, 33.38301658324761], [-95.0246181352243, 33.3840829088109], [-95.01713489918201, 33.390907392415954], [-94.97932486444203, 33.38706862038811], [-94.9530678958726, 33.39080075985963], [-94.90882490383312, 33.383763011141916], [-94.88978860162028, 33.39506606211279], [-94.87600369312133, 33.39421300166216], [-94.85762381512274, 33.3767252624242], [-94.83018528296768, 33.382803318134954], [-94.81272439886901, 33.37555230430458], [-94.8087858535836, 33.36360945799573], [-94.81981378038276, 32.98293123190117], [-94.85407912436585, 33.00361794782899], [-94.86431934210793, 33.01492099879987], [-94.89057631067736, 33.025370989320116], [-94.90186680716222, 33.041579137882124], [-94.92142824874644, 33.05074953772642], [-94.92654835761748, 33.06930360252767], [-95.01450920232506, 33.07570155590741], [-95.04352315259428, 33.06983676530931], [-95.06072146700726, 33.054588309754266], [-95.07910134500585, 33.05138933306439], [-95.09459295646182, 33.03752710074162], [-95.11428568288889, 33.030809249692894], [-95.12610131874513, 33.03454138916441], [-95.1254448945309, 33.38941453662735]]]}}, {"type": "Feature", "properties": {"name": "Tarrant", "id": "48439"}, "geometry": {"type": "Polygon", "coordinates": [[[-97.5442368391466, 32.99412765031571], [-97.39851066358628, 32.990822041069514], [-97.37999950074483, 32.99018224573154], [-97.03222595204277, 32.98932918528091], [-97.0331449459427, 32.87853795925507], [-97.03616449732817, 32.711124845818524], [-97.03839633965657, 32.54861682997311], [-97.08684044666717, 32.549469890423744], [-97.31396322479273, 32.55266886711362], [-97.55053851160326, 32.55544131357817], [-97.54817538443201, 32.77606407262289], [-97.5442368391466, 32.99412765031571]]]}}, {"type": "Feature", "properties": {"name": "Jackson", "id": "48239"}, "geometry": {"type": "Polygon", "coordinates": [[[-96.93861985909275, 29.06322509380311], [-96.65845800445695, 29.263907564814307], [-96.64034069614405, 29.247806048808627], [-96.30924032248356, 28.963310388522828], [-96.3235503703539, 28.67561575154716], [-96.40442183354773, 28.67444279342754], [-96.40008943373378, 28.689904514095247], [-96.39956429436239, 28.730211620387614], [-96.42844695978876, 28.70355348130536], [-96.47807263038499, 28.70248715574207], [-96.57758654126312, 28.706432560326245], [-96.58677648026242, 28.72530652279648], [-96.64349153237238, 28.712084085811682], [-96.66843565251334, 28.737569266774315], [-96.66987978578466, 28.760282001272394], [-96.68760323956901, 28.764653936081885], [-96.69928759058241, 28.778622800960985], [-96.6950864756113, 28.79205850305844], [-96.70716468115324, 28.81551766545082], [-96.71963674122372, 28.817223786352084], [-96.71149708096719, 28.851452836933696], [-96.73250265582274, 28.87704465045266], [-96.74024846155072, 28.893892594352643], [-96.75849705470647, 28.896451775704538], [-96.77608922364799, 28.915965533512747], [-96.79210597447533, 28.918844612533633], [-96.81665624008775, 28.985383327682932], [-96.83214785154372, 29.021318499165808], [-96.83884337852892, 29.025370536306312], [-96.93861985909275, 29.06322509380311]]]}}, {"type": "Feature", "properties": {"name": "Terry", "id": "48445"}, "geometry": {"type": "Polygon", "coordinates": [[[-102.59489602831893, 33.388454843620394], [-102.07592704454419, 33.38962780174001], [-102.07618961422988, 32.95968533462144], [-102.2085247358198, 32.95893890672714], [-102.59502731316178, 32.95883227417081], [-102.59489602831893, 33.388454843620394]]]}}, {"type": "Feature", "properties": {"name": "Foard", "id": "48155"}, "geometry": {"type": "Polygon", "coordinates": [[[-99.99755669743111, 34.224347452683496], [-99.77200933741972, 34.093296040955146], [-99.74680264759307, 34.100973585010834], [-99.73341159362266, 34.0935093060678], [-99.7042663585106, 34.09852103621526], [-99.67367699012722, 34.088497575920336], [-99.65306526980021, 34.09894756644058], [-99.62300104078822, 34.09574858975071], [-99.61788093191718, 34.083379213216546], [-99.59359323599045, 34.082526152765915], [-99.57311280050631, 34.06365219029568], [-99.54856253489389, 34.05576138112733], [-99.53490891123779, 34.07399554825959], [-99.50536982159718, 34.07708789239314], [-99.49105977372685, 34.065358311196945], [-99.47530559258519, 34.08561849689946], [-99.47569944711373, 33.83396566396299], [-99.47451788352811, 33.73383769357005], [-99.492635191841, 33.76721368370103], [-99.52112400273884, 33.76934633482761], [-99.52676925098126, 33.784274892713675], [-99.55486420735056, 33.79856365526176], [-99.57678877610603, 33.802722324958594], [-99.58177760013422, 33.78470142293899], [-99.59989490844713, 33.787687134516204], [-99.62772729513071, 33.8042151807472], [-99.63350382821599, 33.81455853871111], [-99.67078872358458, 33.818610575851615], [-99.69481384982561, 33.827141180357934], [-99.72107081839503, 33.80026977616303], [-99.75441716847821, 33.82095649209085], [-99.79695345756068, 33.817224352619334], [-99.8100819418454, 33.82746107802692], [-99.83174394091517, 33.81711772006301], [-99.83515734682919, 33.835778417420585], [-99.99637513384549, 33.83599168253324], [-100.0484952164558, 33.83599168253324], [-100.04705108318448, 34.22978571305627], [-100.0373360048138, 34.23874284778791], [-100.0097661878159, 34.241941824477784], [-99.99755669743111, 34.224347452683496]]]}}, {"type": "Feature", "properties": {"name": "Tyler", "id": "48457"}, "geometry": {"type": "Polygon", "coordinates": [[[-94.56197034903097, 31.05896001805685], [-94.53374410781883, 31.05682736693027], [-94.50893127252073, 31.043285032276486], [-94.48608770986533, 31.039339627692314], [-94.47269665589492, 31.026117190707517], [-94.45786146865319, 31.033368204537886], [-94.44578326311125, 31.02366464191195], [-94.45142851135368, 31.008309553800572], [-94.43528047568348, 31.00649680034298], [-94.41453747051364, 31.026117190707517], [-94.33707941323382, 31.035927385889785], [-94.3219816563064, 31.021212093116382], [-94.28535318515205, 31.03955289280497], [-94.27813251879546, 31.017586586201194], [-94.25594538035429, 31.018439646651828], [-94.2353336600273, 30.99657997260438], [-94.24255432638388, 30.98890242854869], [-94.24268561122673, 30.962990717360743], [-94.22850684819923, 30.941877471207597], [-94.20684484912945, 30.936652475947476], [-94.20461300680105, 30.916072392575977], [-94.21406551548606, 30.907435155513326], [-94.19634206170169, 30.88131017921272], [-94.1980487646587, 30.85326581689819], [-94.1799314563458, 30.829913287062137], [-94.18846497113086, 30.821382682555818], [-94.17796218370309, 30.794404645804576], [-94.14671639110547, 30.787473529643194], [-94.12846779794972, 30.747273055907158], [-94.13713259757763, 30.733410823584386], [-94.12597338593562, 30.68670576391228], [-94.09249575100961, 30.68851851736987], [-94.08291195748176, 30.668364964223688], [-94.06505721885455, 30.662606806181923], [-94.05153488004129, 30.641813457697765], [-94.05455443142678, 30.628910918381955], [-94.07490358206809, 30.614728788390195], [-94.09262703585244, 30.57559464021745], [-94.08606279371008, 30.55288190571937], [-94.07267173973969, 30.542965077980774], [-94.07175274583975, 30.52601050152446], [-94.54569102851792, 30.526970194531422], [-94.65793956915223, 31.012041693272085], [-94.56197034903097, 31.05896001805685]]]}}, {"type": "Feature", "properties": {"name": "Falls", "id": "48145"}, "geometry": {"type": "Polygon", "coordinates": [[[-97.27812246269545, 31.27979604221423], [-96.87022045596939, 31.486769834048836], [-96.8011646286318, 31.522278475306397], [-96.59688541316164, 31.220934871120615], [-96.82912830015823, 31.105878342841613], [-96.82965343952962, 31.110570175320092], [-96.91157518146623, 31.068983478351775], [-96.94886007683482, 31.048403394980276], [-97.07016727162558, 30.986236614640465], [-97.27812246269545, 31.27979604221423]]]}}, {"type": "Feature", "properties": {"name": "Swisher", "id": "48437"}, "geometry": {"type": "Polygon", "coordinates": [[[-101.99846898726437, 34.74823320192792], [-101.62929600917822, 34.747700039146274], [-101.4716229129188, 34.74748677403362], [-101.4716229129188, 34.31231931165493], [-101.56483515134028, 34.31253257676759], [-101.99807513273583, 34.31306573954923], [-101.99846898726437, 34.74823320192792]]]}}, {"type": "Feature", "properties": {"name": "Real", "id": "48385"}, "geometry": {"type": "Polygon", "coordinates": [[[-99.75756800470654, 30.07410172780212], [-99.68982502579742, 30.07399509524579], [-99.69126915906874, 29.908608000379495], [-99.60278317498977, 29.907648307372536], [-99.6031770295183, 29.62720468422724], [-100.0142298724727, 29.623472544755725], [-100.0072717758018, 29.632003149262047], [-100.03024662330004, 29.663246488266445], [-100.01698685417249, 29.67678882292023], [-100.04573823475602, 29.69491635749616], [-100.0462633741274, 29.706539306136023], [-100.02604550832893, 29.72338725003601], [-100.02197567820068, 29.7457800868651], [-100.03602315638533, 29.779369342108737], [-100.01331087857277, 29.7942978999948], [-100.01711813901534, 29.811998904345415], [-100.02722707191457, 29.82436828087958], [-100.03090304751429, 29.84825397349728], [-100.01961255102943, 29.86958048476308], [-100.023419811472, 29.88312281941686], [-100.00228295177361, 29.896878419183306], [-99.98967960686028, 30.02579717978508], [-99.9730064318187, 30.02462422166546], [-99.96762375326196, 30.082312434639455], [-99.91799808266575, 30.073675197576804], [-99.75756800470654, 30.07410172780212]]]}}, {"type": "Feature", "properties": {"name": "Carson", "id": "48065"}, "geometry": {"type": "Polygon", "coordinates": [[[-101.62286305187871, 35.620167615030226], [-101.62286305187871, 35.624006387058074], [-101.08603932947675, 35.62528597773402], [-101.0859080446339, 35.61910128946694], [-101.08630189916245, 35.182121073630654], [-101.62299433672155, 35.183080766637616], [-101.62286305187871, 35.620167615030226]]]}}, {"type": "Feature", "properties": {"name": "Presidio", "id": "48377"}, "geometry": {"type": "Polygon", "coordinates": [[[-104.97981648348008, 30.629230816050942], [-104.50036423740232, 30.532941617685847], [-103.90104892980513, 30.412233563921408], [-103.80061602502707, 30.412553461590395], [-103.79746518879872, 29.864675387171943], [-103.79273893445624, 29.263694299701648], [-103.8382947749242, 29.278302959918722], [-103.88056849432097, 29.28491417841112], [-103.91706568063248, 29.28416775051682], [-103.9249427712033, 29.29387131314276], [-103.96577235732876, 29.298563145621234], [-103.97522486601376, 29.29600396426934], [-104.03824159058038, 29.320102921999695], [-104.05727789279322, 29.33769729379398], [-104.08209072809133, 29.345908000631315], [-104.09837004860438, 29.366807981671798], [-104.12541472623089, 29.38088347910723], [-104.14366331938665, 29.38322939534647], [-104.1800292208553, 29.4127666134496], [-104.18121078444092, 29.426308948103387], [-104.21390071030986, 29.45627269643184], [-104.21324428609563, 29.473014007775493], [-104.22912975208013, 29.48101144950017], [-104.23582527906534, 29.49679306783686], [-104.26418280512031, 29.51396090940583], [-104.31800959068764, 29.52792977428493], [-104.33809617164326, 29.51993233256026], [-104.39454865406752, 29.55608076915579], [-104.39953747809571, 29.5722889177178], [-104.45231398492027, 29.60363888927853], [-104.46649274794775, 29.60929041476397], [-104.48355977751788, 29.627737847008888], [-104.50758490375891, 29.639574060761404], [-104.53974969025646, 29.676042395025927], [-104.53633628434244, 29.690437790130343], [-104.55222175032694, 29.717095929212597], [-104.55471616234104, 29.740768356717638], [-104.56600665882588, 29.758789258737238], [-104.5657440891402, 29.7704122073771], [-104.59252619708101, 29.81029278344415], [-104.61011836602253, 29.819143285619457], [-104.61904573533613, 29.84441520146943], [-104.63007366213529, 29.85326570364474], [-104.63322449836363, 29.87043354521371], [-104.65672448523327, 29.889307507683945], [-104.6590876124045, 29.901463619105453], [-104.67983061757435, 29.924709516385178], [-104.68429430223117, 29.956059487945907], [-104.67969933273152, 29.975253348085126], [-104.6896769807879, 30.014920659039518], [-104.70398702865823, 30.024197691440143], [-104.70687529520087, 30.05064256540974], [-104.6849507264454, 30.085618043885653], [-104.69532222903032, 30.1321098384451], [-104.6874451384595, 30.16218021932988], [-104.68731385361664, 30.17945469345518], [-104.71120769501482, 30.222960776437418], [-104.71317696765753, 30.237995966879808], [-104.73378868798453, 30.26124186415953], [-104.7515121417689, 30.263694412955097], [-104.76162107466813, 30.301122440226578], [-104.79733055192256, 30.330339760660728], [-104.80980261199304, 30.334924960582875], [-104.81479143602122, 30.36051677410184], [-104.8595595674321, 30.390373889873963], [-104.85247018591835, 30.418844782413807], [-104.86113498554626, 30.428868242708734], [-104.86993107001702, 30.458618725924527], [-104.86612380957445, 30.467362595543506], [-104.87675788184507, 30.51097531108207], [-104.8893612267584, 30.535180901368754], [-104.89894502028623, 30.570369644957328], [-104.92480813432712, 30.6048119606516], [-104.93806790345468, 30.60342573741932], [-104.9720706777521, 30.61025022102438], [-104.97981648348008, 30.629230816050942]]]}}, {"type": "Feature", "properties": {"name": "Willacy", "id": "48489"}, "geometry": {"type": "MultiPolygon", "coordinates": [[[[-97.95739023958656, 26.611742623799184], [-97.86168358915099, 26.59798702403274], [-97.4411782375116, 26.599906410046664], [-97.41689054158488, 26.553627880599873], [-97.41912238391328, 26.52728963918661], [-97.40678160868565, 26.499458541984737], [-97.41308328114232, 26.481224374852474], [-97.38052464011622, 26.480584579514503], [-97.35019784141853, 26.411486683013305], [-97.3907648578583, 26.411380050456973], [-97.40074250591468, 26.386534664832315], [-97.42135422624168, 26.366167846573475], [-97.4300190258696, 26.364355093115883], [-97.43723969222619, 26.337270423808313], [-97.44695477059688, 26.324901047274146], [-97.47938212678012, 26.335884200576036], [-97.50905250126357, 26.333538284336797], [-97.52401897334815, 26.32351482404187], [-97.52756366410502, 26.299309233755185], [-97.86181487399384, 26.34814694455387], [-97.86194615883669, 26.43355962217341], [-97.90828970836172, 26.434945845405686], [-98.00412764364013, 26.448808077728458], [-97.98430363237021, 26.53656667158723], [-97.9639544817289, 26.53347432745369], [-97.96881202091426, 26.551388596916965], [-97.95739023958656, 26.611742623799184]]], [[[-97.31488221869265, 26.60022630771565], [-97.289675528866, 26.60033294027198], [-97.25383476676873, 26.50319068145625], [-97.22521467102806, 26.411486683013305], [-97.24464482776943, 26.411486683013305], [-97.28429285030927, 26.542644727297986], [-97.36792129520289, 26.556400327064427], [-97.30595484937905, 26.579646224344152], [-97.31488221869265, 26.60022630771565]]]]}}, {"type": "Feature", "properties": {"name": "Collingsworth", "id": "48087"}, "geometry": {"type": "Polygon", "coordinates": [[[-100.53897538933272, 35.18318739919395], [-100.00044496397375, 35.182654236412304], [-100.00044496397375, 35.03038294597448], [-100.00044496397375, 34.74631381591399], [-100.4158302067421, 34.74748677403362], [-100.54068209228973, 34.747700039146274], [-100.53897538933272, 35.18318739919395]]]}}, {"type": "Feature", "properties": {"name": "Colorado", "id": "48089"}, "geometry": {"type": "Polygon", "coordinates": [[[-96.87415900125481, 29.63274957715635], [-96.71701104436677, 29.792698411649862], [-96.56984073553514, 29.961497748318685], [-96.53570667639488, 29.90732840970355], [-96.48503072705589, 29.86734120108017], [-96.45995532207208, 29.85465192687702], [-96.43474863224543, 29.84793407582829], [-96.41269277864711, 29.824688178548566], [-96.37934642856393, 29.82532797388654], [-96.35768442949416, 29.819143285619457], [-96.34311181193812, 29.8295932761397], [-96.33090232155334, 29.814451453140983], [-96.3327403093532, 29.802828504501118], [-96.31803640695432, 29.791205555861257], [-96.31068445575488, 29.75537701693471], [-96.29716211694162, 29.749725491449272], [-96.29834368052724, 29.737249482358777], [-96.27011743931511, 29.71656276643095], [-96.27773196020024, 29.70046125042527], [-96.2592207973588, 29.668898013751882], [-96.2403157799888, 29.657808227893668], [-96.22469288369, 29.66484597661138], [-96.19922362417766, 29.65642200466139], [-96.17546106762232, 29.63381590271964], [-96.30766490436939, 29.51449407218748], [-96.34928219955194, 29.406048762400875], [-96.37580173780705, 29.393252855641393], [-96.60436864920393, 29.265826950828227], [-96.64034069614405, 29.247806048808627], [-96.65845800445695, 29.263907564814307], [-96.56051951169299, 29.335458010111072], [-96.79315625321811, 29.577407280421593], [-96.83280427575795, 29.57687411763995], [-96.83332941512934, 29.595321549884865], [-96.84317577834288, 29.61654142859434], [-96.87415900125481, 29.63274957715635]]]}}, {"type": "Feature", "properties": {"name": "Wise", "id": "48497"}, "geometry": {"type": "Polygon", "coordinates": [[[-97.91813607157526, 33.43388031261655], [-97.4871279325081, 33.43366704750389], [-97.38590731867295, 33.43292061960959], [-97.38315033697316, 33.43046807081402], [-97.39155256691538, 33.21890907905727], [-97.39851066358628, 32.990822041069514], [-97.5442368391466, 32.99412765031571], [-97.679591512122, 32.99636693399862], [-97.92168076233213, 33.00127203158976], [-97.91813607157526, 33.43388031261655]]]}}, {"type": "Feature", "properties": {"name": "Lipscomb", "id": "48295"}, "geometry": {"type": "Polygon", "coordinates": [[[-100.54619605568931, 36.49935304196291], [-100.33443360417687, 36.499459674519244], [-100.00044496397375, 36.4996729396319], [-100.00044496397375, 36.0556549750779], [-100.54015695291834, 36.05650803552854], [-100.5467211950607, 36.05650803552854], [-100.54619605568931, 36.49935304196291]]]}}, {"type": "Feature", "properties": {"name": "Knox", "id": "48275"}, "geometry": {"type": "Polygon", "coordinates": [[[-99.99637513384549, 33.83599168253324], [-99.83515734682919, 33.835778417420585], [-99.83174394091517, 33.81711772006301], [-99.8100819418454, 33.82746107802692], [-99.79695345756068, 33.817224352619334], [-99.75441716847821, 33.82095649209085], [-99.72107081839503, 33.80026977616303], [-99.69481384982561, 33.827141180357934], [-99.67078872358458, 33.818610575851615], [-99.63350382821599, 33.81455853871111], [-99.62772729513071, 33.8042151807472], [-99.59989490844713, 33.787687134516204], [-99.58177760013422, 33.78470142293899], [-99.57678877610603, 33.802722324958594], [-99.55486420735056, 33.79856365526176], [-99.52676925098126, 33.784274892713675], [-99.52112400273884, 33.76934633482761], [-99.492635191841, 33.76721368370103], [-99.47451788352811, 33.73383769357005], [-99.47241732604255, 33.39901146669696], [-99.99099245528876, 33.397411978352025], [-99.99637513384549, 33.83599168253324]]]}}, {"type": "Feature", "properties": {"name": "Lubbock", "id": "48303"}, "geometry": {"type": "Polygon", "coordinates": [[[-102.08577340775773, 33.82468863156237], [-101.56352230291179, 33.83044678960413], [-101.5568267759266, 33.3947461644438], [-102.07592704454419, 33.38962780174001], [-102.08577340775773, 33.82468863156237]]]}}, {"type": "Feature", "properties": {"name": "Sterling", "id": "48431"}, "geometry": {"type": "Polygon", "coordinates": [[[-101.26708112776295, 31.650877338239184], [-101.26419286122032, 32.087111126181156], [-101.18397782224072, 32.08721775873749], [-100.82163165598261, 32.08657796339951], [-100.82530763158233, 31.69619617467901], [-100.8611483936796, 31.705366574523307], [-100.86521822380786, 31.562265683929773], [-101.26760626713434, 31.55650752588801], [-101.26708112776295, 31.650877338239184]]]}}, {"type": "Feature", "properties": {"name": "Winkler", "id": "48495"}, "geometry": {"type": "Polygon", "coordinates": [[[-103.32654645750604, 32.00041885788568], [-103.0643706263403, 32.000525490442], [-103.0643706263403, 32.08700449362483], [-102.8123037280738, 32.087111126181156], [-102.79904395894623, 32.085831535505214], [-102.79891267410339, 31.651730398689814], [-102.80377021328873, 31.6513038684645], [-103.32759673624882, 31.651410501020827], [-103.32654645750604, 32.00041885788568]]]}}, {"type": "Feature", "properties": {"name": "Castro", "id": "48069"}, "geometry": {"type": "Polygon", "coordinates": [[[-102.5251837767671, 34.74695361125197], [-102.1764912341651, 34.74663371358298], [-102.16887671327996, 34.74738014147729], [-101.99846898726437, 34.74823320192792], [-101.99807513273583, 34.31306573954923], [-102.09036837725736, 34.31317237210556], [-102.52557763129565, 34.31306573954923], [-102.5251837767671, 34.74695361125197]]]}}, {"type": "Feature", "properties": {"name": "Hutchinson", "id": "48233"}, "geometry": {"type": "Polygon", "coordinates": [[[-101.62351947609294, 36.055441709965244], [-101.08577675979106, 36.05522844485259], [-101.08603932947675, 35.62528597773402], [-101.62286305187871, 35.624006387058074], [-101.62351947609294, 36.055441709965244]]]}}, {"type": "Feature", "properties": {"name": "Val Verde", "id": "48465"}, "geometry": {"type": "Polygon", "coordinates": [[[-101.75834900969696, 30.288006635798112], [-101.00516786628292, 30.287366840460137], [-100.96066230455773, 30.287793370685456], [-100.70045574603469, 30.2883265334671], [-100.69993060666332, 29.62389907498104], [-100.69914289760622, 29.419697729610988], [-100.70610099427712, 29.401463562478728], [-100.71069596377677, 29.36979369324901], [-100.70636356396282, 29.363928902650915], [-100.71214009704809, 29.33791055890664], [-100.74509259260273, 29.32810036372437], [-100.7486372833596, 29.304961099000973], [-100.73905348983176, 29.2903524387839], [-100.74561773197412, 29.25484379752634], [-100.79511211772748, 29.24172799309787], [-100.82346964378247, 29.261774913687724], [-100.83896125523843, 29.263267769476332], [-100.8564221393371, 29.275637146010496], [-100.87887184746396, 29.282141731946567], [-100.88688022287764, 29.307840178021856], [-100.9048662463477, 29.31199884771869], [-100.94057572360212, 29.333112093871833], [-100.94897795354433, 29.347294223863592], [-101.01055054483965, 29.368620735129394], [-101.0240728836529, 29.39367938586671], [-101.03654494372338, 29.406155394957203], [-101.04337175555143, 29.429827822462244], [-101.05689409436468, 29.440810975764133], [-101.06017621543586, 29.458618612671078], [-101.08708960821953, 29.46938850086031], [-101.11531584943167, 29.468428807853346], [-101.13001975183055, 29.478452268148274], [-101.15181303574316, 29.476959412359665], [-101.17163704701308, 29.503937449110907], [-101.17386888934149, 29.514600704743806], [-101.19277390671148, 29.520252230229243], [-101.23531019579394, 29.524837430151393], [-101.25487163737817, 29.520358862785574], [-101.26117330983483, 29.53678027646024], [-101.2443688499504, 29.56919657358426], [-101.25224594052123, 29.604172052060175], [-101.25224594052123, 29.625605195882304], [-101.26918168524851, 29.629977130691795], [-101.28047218173336, 29.614835307693077], [-101.27758391519073, 29.593188898758285], [-101.29320681148954, 29.571862387492484], [-101.30554758671717, 29.57794044320324], [-101.31434367118793, 29.595641447553852], [-101.30738557451703, 29.640747018881026], [-101.31670679835918, 29.65546231165443], [-101.35005314844234, 29.654715883760126], [-101.36725146285532, 29.663992916160748], [-101.37880452902587, 29.69822196674236], [-101.39692183733878, 29.713896952522724], [-101.39705312218162, 29.73394387311258], [-101.42475422402237, 29.758149463399263], [-101.44103354453541, 29.75345763092079], [-101.4552123075629, 29.771905063165708], [-101.47529888851852, 29.780648932784686], [-101.50326256004496, 29.764547416779006], [-101.52269271678634, 29.75964231918787], [-101.53280164968557, 29.764334151666347], [-101.54684912787022, 29.796963713903025], [-101.5615530302691, 29.794617797663786], [-101.57560050845373, 29.774464244517603], [-101.62601388810704, 29.771052002715074], [-101.64636303874835, 29.75431069137142], [-101.66251107441855, 29.771265267827733], [-101.68994960657359, 29.771265267827733], [-101.70662278161518, 29.76273466332141], [-101.7609747065539, 29.78246168624228], [-101.75834900969696, 30.288006635798112]]]}}, {"type": "Feature", "properties": {"name": "Upshur", "id": "48459"}, "geometry": {"type": "Polygon", "coordinates": [[[-95.15209571762887, 32.90263691698542], [-94.71990601497609, 32.904449670443014], [-94.70559596710575, 32.892080293908855], [-94.70585853679144, 32.879177754593044], [-94.69903172496339, 32.84505533656776], [-94.67238090186542, 32.83471197860384], [-94.70218256119172, 32.82052984861208], [-94.70218256119172, 32.79312528163553], [-94.70178870666318, 32.65215704216858], [-94.72791439038976, 32.65546265141478], [-94.7461629835455, 32.66751213027996], [-94.75850375877314, 32.65983458622427], [-94.8202076349113, 32.59063005716674], [-94.94610979920171, 32.54723060674083], [-94.97486117978522, 32.53592755576996], [-94.98693938532716, 32.53720714644591], [-95.01004551766826, 32.51652043051808], [-95.02238629289589, 32.5217454257782], [-95.01503434169645, 32.542645406818686], [-95.0407661708945, 32.532302048854774], [-95.08382759934835, 32.54253877426236], [-95.09433038677612, 32.55736069959209], [-95.11271026477472, 32.55096274621235], [-95.14014879692978, 32.55010968576172], [-95.15340856605734, 32.570156606351574], [-95.15275214184311, 32.66090091178756], [-95.15209571762887, 32.90263691698542]]]}}, {"type": "Feature", "properties": {"name": "Hamilton", "id": "48193"}, "geometry": {"type": "Polygon", "coordinates": [[[-98.46375587844797, 31.684040063257505], [-98.15654934618567, 31.841749614068107], [-98.20840685911028, 31.917458729061707], [-98.0054404920686, 32.017906597123634], [-97.76637079324396, 31.67241711461764], [-98.18004933305531, 31.46373720188177], [-98.27102972914837, 31.41639234687169], [-98.46375587844797, 31.684040063257505]]]}}, {"type": "Feature", "properties": {"name": "Stephens", "id": "48429"}, "geometry": {"type": "Polygon", "coordinates": [[[-99.0960236815998, 32.95701952071322], [-98.95082264541087, 32.95691288815689], [-98.57561056455374, 32.954353706804994], [-98.57600441908228, 32.7338375803166], [-98.57626698876797, 32.515134207285804], [-99.0960236815998, 32.51481430961682], [-99.09589239675695, 32.707605971459664], [-99.0960236815998, 32.95701952071322]]]}}, {"type": "Feature", "properties": {"name": "Smith", "id": "48423"}, "geometry": {"type": "Polygon", "coordinates": [[[-95.59452563802373, 32.687025888088165], [-95.58362899606742, 32.674656511554005], [-95.53019606502863, 32.647465209690104], [-95.5106346234444, 32.62699175887494], [-95.46914861310471, 32.60566524760913], [-95.44669890497785, 32.61376932189014], [-95.43527712365015, 32.606731573172425], [-95.41308998520898, 32.60715810339774], [-95.38972128318218, 32.60001372212369], [-95.34587214567125, 32.60918412196799], [-95.28128000299046, 32.57996680153384], [-95.27786659707643, 32.57154282958385], [-95.25029678007853, 32.57772751785093], [-95.2379560048509, 32.56055967628196], [-95.20434708508203, 32.57175609469651], [-95.20671021225328, 32.55991988094399], [-95.18911804331177, 32.546590811402865], [-95.1761208438699, 32.55522804846551], [-95.16496163222789, 32.54456479283261], [-95.15340856605734, 32.570156606351574], [-95.14014879692978, 32.55010968576172], [-95.11271026477472, 32.55096274621235], [-95.09433038677612, 32.55736069959209], [-95.08382759934835, 32.54253877426236], [-95.0407661708945, 32.532302048854774], [-95.01503434169645, 32.542645406818686], [-95.02238629289589, 32.5217454257782], [-95.01004551766826, 32.51652043051808], [-94.98693938532716, 32.53720714644591], [-94.98641424595577, 32.37427260037518], [-94.985363967213, 32.370860358572656], [-94.98523268237015, 32.1379748555501], [-95.22797835679451, 32.13637536720516], [-95.45995867410541, 32.13552230675453], [-95.47860112178971, 32.14725188795072], [-95.46258437096236, 32.20174112423484], [-95.47899497631825, 32.212191114755086], [-95.4880536304747, 32.234903849253165], [-95.46757319499055, 32.24663343044936], [-95.4699363221618, 32.262095151117066], [-95.45733297724847, 32.27307830441895], [-95.44696147466354, 32.29579103891703], [-95.45785811661986, 32.32788743837206], [-95.44919331699194, 32.35518537279229], [-95.49383016355998, 32.389627688486556], [-95.50682736300183, 32.4147929717802], [-95.53912343434223, 32.433027138912465], [-95.59426306833804, 32.4798388311409], [-95.59452563802373, 32.687025888088165]]]}}, {"type": "Feature", "properties": {"name": "Robertson", "id": "48395"}, "geometry": {"type": "Polygon", "coordinates": [[[-96.82912830015823, 31.105878342841613], [-96.59688541316164, 31.220934871120615], [-96.31921797053994, 31.35710464555276], [-96.31724869789724, 31.325541408879374], [-96.326044782368, 31.31071948354964], [-96.3280140550107, 31.286513893262956], [-96.31475428588314, 31.2657205447788], [-96.33116489123903, 31.252498107794004], [-96.3140978616689, 31.228399150063645], [-96.31173473449766, 31.19811550406621], [-96.29716211694162, 31.18094766249724], [-96.30057552285565, 31.15898135589346], [-96.29584926851315, 31.13989412831057], [-96.27694425114316, 31.116328333361857], [-96.28075151158573, 31.096068147659345], [-96.26919844541519, 31.077833980527085], [-96.24320404653145, 31.06109266918343], [-96.26027107610157, 31.006176902673992], [-96.23834650734611, 30.997752930723998], [-96.24097220420305, 30.97376060554997], [-96.26315934264422, 30.96416367548036], [-96.33799170306708, 30.920550959941796], [-96.36188554446527, 30.896878532436755], [-96.36569280490784, 30.88450915590259], [-96.38735480397762, 30.86403570508742], [-96.41019836663301, 30.825861249921637], [-96.42345813576057, 30.792698524903315], [-96.45759219490083, 30.744500609442603], [-96.5669524689925, 30.695662898643917], [-96.59583513441886, 30.715070023895795], [-96.59951111001858, 30.72861235854958], [-96.62130439393121, 30.730851642232487], [-96.63285746010176, 30.74140826530906], [-96.61106417618913, 30.757403148758414], [-96.62445523015954, 30.78000925070016], [-96.64677365344356, 30.77915619024953], [-96.63600829633009, 30.804321473543176], [-96.6516311926289, 30.827140840597583], [-96.67014235547035, 30.833858691646313], [-96.6948239059256, 30.864568867869068], [-96.69849988152532, 30.908821378745607], [-96.71491048688122, 30.898158123112704], [-96.7298769589658, 30.89986424401397], [-96.75626521237807, 30.927162178434195], [-96.75534621847814, 30.943583592108862], [-96.76952498150564, 30.95883204766391], [-96.77096911477695, 30.972161117205037], [-96.74510600073606, 30.994767219146787], [-96.75574007300668, 31.005430474779686], [-96.76834341792001, 30.99967231673792], [-96.77858363566209, 31.035607488220798], [-96.79315625321811, 31.065677869105578], [-96.8056283132886, 31.059599813394826], [-96.8212512095874, 31.064185013316973], [-96.80956685857402, 31.07954010142835], [-96.82912830015823, 31.105878342841613]]]}}, {"type": "Feature", "properties": {"name": "Gillespie", "id": "48171"}, "geometry": {"type": "Polygon", "coordinates": [[[-99.30397887266967, 30.499778892667525], [-98.96421369938128, 30.498499301991576], [-98.59162731538109, 30.499885525223853], [-98.58795133978137, 30.138934322050158], [-98.92010199218463, 30.138294526712183], [-99.30095932128418, 30.134349122128008], [-99.30174703034128, 30.286620412565835], [-99.30397887266967, 30.499778892667525]]]}}, {"type": "Feature", "properties": {"name": "Brewster", "id": "48043"}, "geometry": {"type": "Polygon", "coordinates": [[[-103.80061602502707, 30.412553461590395], [-103.43997656172597, 30.66591241542812], [-103.20143200227271, 30.50020542289284], [-102.56706364163534, 30.05277521653632], [-102.32064199161125, 29.878857517163702], [-102.34099114225256, 29.869260587094093], [-102.3644911291222, 29.845374894476393], [-102.36252185647949, 29.833112150498557], [-102.37722575887837, 29.800162690592895], [-102.38667826756337, 29.766893333018242], [-102.41201624223287, 29.768066291137863], [-102.4332843867741, 29.776596895644182], [-102.49039329341261, 29.783954542030884], [-102.51271171669661, 29.7803290351157], [-102.51336814091086, 29.765720374898624], [-102.5393625397946, 29.751644877463196], [-102.55104689080798, 29.7523913053575], [-102.56181224792145, 29.76604027256761], [-102.58741279227664, 29.74993875656193], [-102.61288205178899, 29.748232635660667], [-102.62259713015968, 29.736609687020803], [-102.64570326250077, 29.73394387311258], [-102.67721162478409, 29.73820917536574], [-102.6881082667404, 29.722534189585375], [-102.69834848448248, 29.695556152834136], [-102.69349094529713, 29.676468925251243], [-102.72421159852337, 29.648424562936714], [-102.73694622827954, 29.64149344677533], [-102.73996577966501, 29.59905368935638], [-102.74626745212169, 29.592869001089298], [-102.76832330572, 29.594681754546894], [-102.76228420294903, 29.579433298991844], [-102.77396855396243, 29.573035345612105], [-102.77147414194833, 29.54850985765643], [-102.80862775247407, 29.522278248799495], [-102.8073149040456, 29.494020621372307], [-102.83094617575809, 29.44422321756666], [-102.83252159387226, 29.433133431708445], [-102.82451321845858, 29.399544176464804], [-102.84079253897163, 29.376938074523057], [-102.84302438130003, 29.35795747949649], [-102.86166682898431, 29.35166615867308], [-102.87952156761153, 29.353372279574344], [-102.87978413729722, 29.33876361935727], [-102.89054949441069, 29.30954629892312], [-102.88831765208229, 29.291951927128835], [-102.90262769995263, 29.27947591803834], [-102.90630367555235, 29.25996216023013], [-102.88792379755374, 29.245566765125716], [-102.871381907355, 29.241621360541544], [-102.86678693785535, 29.224986681754217], [-102.87807743434021, 29.214749956346633], [-102.8992142940386, 29.208885165748537], [-102.90879808756644, 29.21933515626878], [-102.9178567417229, 29.190650998616277], [-102.93256064412178, 29.194063240418803], [-102.95343493413446, 29.17625560351186], [-102.97732877553265, 29.186279063806786], [-102.9980717807025, 29.172630096596674], [-102.99570865353125, 29.16122041306947], [-103.00831199844457, 29.14831787375366], [-103.01500752542978, 29.12581840436824], [-103.03299354889984, 29.114088823172047], [-103.04047678494213, 29.099373530398644], [-103.07434827439668, 29.088497009653086], [-103.07684268641079, 29.07602100056259], [-103.10021138843757, 29.057680200874003], [-103.10165552170889, 29.01811952247594], [-103.1172784180077, 29.000205253012666], [-103.11530914536499, 28.985276695126604], [-103.13487058694922, 28.98357057422534], [-103.16388453721844, 28.972054258141807], [-103.16624766438969, 28.978878741746865], [-103.22782025568499, 28.991568015950016], [-103.24921968506908, 28.980904760317113], [-103.26024761186824, 28.989755262492423], [-103.28322245936648, 28.993167504294952], [-103.29425038616564, 29.00521698316013], [-103.31184255510716, 29.008415959849998], [-103.31604367007827, 29.022598089841757], [-103.33573639650534, 29.019719010820875], [-103.33481740260541, 29.039765931410727], [-103.34781460204728, 29.037420015171488], [-103.36199336507477, 29.01886595037024], [-103.38207994603039, 29.024197578186694], [-103.42776707134118, 29.042325112762626], [-103.43472516801208, 29.055334284634764], [-103.45297376116784, 29.06749039605627], [-103.46912179683804, 29.069196516957533], [-103.47148492400929, 29.08135262837904], [-103.49971116522141, 29.11472861851002], [-103.52465528536237, 29.121019939333433], [-103.52504913989091, 29.137334720451772], [-103.55773906575985, 29.155462255027704], [-103.5923982642715, 29.150237259767582], [-103.6105155725844, 29.165805612991615], [-103.64569991046744, 29.159301027055548], [-103.66014124318062, 29.17092397569541], [-103.69729485370637, 29.17721529651882], [-103.72473338586141, 29.191504059066908], [-103.74219426996008, 29.20856526807955], [-103.75689817235897, 29.230638207239654], [-103.76792609915813, 29.224346886416242], [-103.78131715312854, 29.23095810490864], [-103.77869145627159, 29.253990737075707], [-103.79273893445624, 29.263694299701648], [-103.79746518879872, 29.864675387171943], [-103.80061602502707, 30.412553461590395]]]}}, {"type": "Feature", "properties": {"name": "Lavaca", "id": "48285"}, "geometry": {"type": "Polygon", "coordinates": [[[-97.1426365048772, 29.62805774467787], [-96.87415900125481, 29.63274957715635], [-96.84317577834288, 29.61654142859434], [-96.83332941512934, 29.595321549884865], [-96.83280427575795, 29.57687411763995], [-96.79315625321811, 29.577407280421593], [-96.56051951169299, 29.335458010111072], [-96.65845800445695, 29.263907564814307], [-96.93861985909275, 29.06322509380311], [-96.97642989383273, 29.10406536287712], [-97.24004985826978, 29.384508986022414], [-97.20237110837266, 29.507562956026092], [-97.20407781132967, 29.580606257111462], [-97.1426365048772, 29.62805774467787]]]}}, {"type": "Feature", "properties": {"name": "King", "id": "48269"}, "geometry": {"type": "Polygon", "coordinates": [[[-100.51862623869141, 33.83567178486425], [-100.0484952164558, 33.83599168253324], [-99.99637513384549, 33.83599168253324], [-99.99099245528876, 33.397411978352025], [-100.51744467510579, 33.397838508577344], [-100.51862623869141, 33.83567178486425]]]}}, {"type": "Feature", "properties": {"name": "Tom Green", "id": "48451"}, "geometry": {"type": "Polygon", "coordinates": [[[-101.26760626713434, 31.55650752588801], [-100.86521822380786, 31.562265683929773], [-100.8611483936796, 31.705366574523307], [-100.82530763158233, 31.69619617467901], [-100.23570740235583, 31.69299719798914], [-100.23373812971312, 31.582205971963297], [-100.11124937133674, 31.580286585949377], [-100.11518791662215, 31.08796407337834], [-100.6820758680361, 31.086257952477077], [-100.6887713950213, 31.086577850146064], [-100.69310379483525, 31.52398459620766], [-101.26800012166288, 31.528676428686136], [-101.26760626713434, 31.55650752588801]]]}}, {"type": "Feature", "properties": {"name": "Yoakum", "id": "48501"}, "geometry": {"type": "Polygon", "coordinates": [[[-103.05662482061233, 33.388454843620394], [-102.59489602831893, 33.388454843620394], [-102.59502731316178, 32.95883227417081], [-103.064633196026, 32.959045539283466], [-103.06397677181177, 33.03870005886124], [-103.05662482061233, 33.388454843620394]]]}}, {"type": "Feature", "properties": {"name": "Somervell", "id": "48425"}, "geometry": {"type": "Polygon", "coordinates": [[[-97.94557460373031, 32.23351762602089], [-97.78278139859987, 32.31647775484486], [-97.61526193912691, 32.31861040597144], [-97.61499936944122, 32.203553877692435], [-97.63088483542572, 32.20739264972028], [-97.86483442537931, 32.08732439129382], [-97.94045449485927, 32.2217880448247], [-97.94557460373031, 32.23351762602089]]]}}, {"type": "Feature", "properties": {"name": "Kenedy", "id": "48261"}, "geometry": {"type": "MultiPolygon", "coordinates": [[[[-97.98587905048439, 27.20931146946695], [-97.95922822738642, 27.21293697638214], [-97.95187627618698, 27.23319716208465], [-97.8681165464505, 27.240341543358692], [-97.85538191669433, 27.252391022223872], [-97.84133443850968, 27.24396705027388], [-97.81560260931164, 27.2558032640264], [-97.81586517899734, 27.271371617250434], [-97.7970914464702, 27.271584882363094], [-97.7851445257711, 27.2837409937846], [-97.73998253983169, 27.27830273341182], [-97.72737919491837, 27.266039989433985], [-97.65044627700995, 27.28352772867194], [-97.636661368511, 27.28171497521435], [-97.63915578052509, 27.253137450118174], [-97.628915562783, 27.24290072471059], [-97.57390721363006, 27.238848687570087], [-97.54292399071814, 27.229251757500478], [-97.51994914321989, 27.231277776070726], [-97.50012513194997, 27.244500213055524], [-97.46704135155248, 27.25367061289982], [-97.45023689166806, 27.262521115075128], [-97.42227322014162, 27.25772265004032], [-97.44157209204015, 27.163886000470793], [-97.43093801976953, 27.160900288893583], [-97.43934024971173, 27.076553936837335], [-97.44406650405423, 26.987195854633626], [-97.46034582456728, 26.847293940729966], [-97.46651621218109, 26.809652648345825], [-97.47859441772303, 26.80666693676861], [-97.46861676966665, 26.740874649513614], [-97.46730392123818, 26.71016447329086], [-97.44498549795416, 26.6334956652903], [-97.4411782375116, 26.599906410046664], [-97.86168358915099, 26.59798702403274], [-97.95739023958656, 26.611742623799184], [-97.985353911113, 26.615794660939684], [-97.98548519595585, 26.780968490693322], [-97.98587905048439, 27.20931146946695]]], [[[-97.37750508873074, 27.277982835742833], [-97.34691572034735, 27.277982835742833], [-97.3584687865179, 27.234796650429587], [-97.37172855564546, 27.153009479725235], [-97.37868665231636, 27.06002589060634], [-97.37697994935935, 26.97152086885326], [-97.36687101646012, 26.88557502845208], [-97.34822856877582, 26.79589704857938], [-97.32275930926347, 26.70174050134087], [-97.289675528866, 26.60033294027198], [-97.31488221869265, 26.60022630771565], [-97.33680678744813, 26.6507701394156], [-97.35702465324658, 26.725412928845905], [-97.38905815490129, 26.80048224850153], [-97.40100507560038, 26.891653084162833], [-97.3974603848435, 27.01033511935702], [-97.39982351201475, 27.115048289672107], [-97.38813916100136, 27.206432390446068], [-97.37750508873074, 27.277982835742833]]]]}}, {"type": "Feature", "properties": {"name": "Borden", "id": "48033"}, "geometry": {"type": "Polygon", "coordinates": [[[-101.69126245500206, 32.96181798574803], [-101.55748320014082, 32.96107155785372], [-101.1733437499701, 32.96363073920562], [-101.17452531355572, 32.52771684893263], [-101.17452531355572, 32.52409134201744], [-101.68876804298797, 32.52526430013706], [-101.69126245500206, 32.96181798574803]]]}}, {"type": "Feature", "properties": {"name": "San Saba", "id": "48411"}, "geometry": {"type": "Polygon", "coordinates": [[[-99.09234770600008, 30.941024410756967], [-99.09064100304306, 31.460964755417216], [-99.08749016681473, 31.45605965782608], [-99.04127790213255, 31.49060860607668], [-99.01817176979145, 31.469495359923535], [-98.99165223153632, 31.484104020140613], [-98.99480306776465, 31.47013515526151], [-98.96447626906696, 31.45104792767862], [-98.93572488848345, 31.455739760157094], [-98.93401818552643, 31.439318346482427], [-98.92404053747005, 31.433880086109646], [-98.89200703581534, 31.436119369792557], [-98.8779595576307, 31.44422344407356], [-98.86391207944605, 31.43878518370078], [-98.85144001937557, 31.412553574843844], [-98.81993165709227, 31.415965816646374], [-98.772931683353, 31.408181640034357], [-98.77897078612396, 31.380563807945144], [-98.75980319906827, 31.377897994036918], [-98.75350152661161, 31.40242348199259], [-98.73879762421274, 31.411380616724227], [-98.69521105638748, 31.404236235450185], [-98.69324178374478, 31.39026737057108], [-98.70374457117255, 31.38088370561413], [-98.70295686211546, 31.362223008256553], [-98.71293451017185, 31.352306180517957], [-98.6966551896588, 31.339403641202146], [-98.68352670537409, 31.345801594581886], [-98.65832001554743, 31.367767901185662], [-98.64138427082015, 31.355825054876814], [-98.64466639189133, 31.34334904578632], [-98.63770829522043, 31.318930190386975], [-98.62182282923592, 31.30975979054268], [-98.59622228488074, 31.305814385958506], [-98.59819155752345, 31.290032767621813], [-98.6275993623212, 31.277770023643978], [-98.62457981093573, 31.269452684250314], [-98.60160496343747, 31.25740320538514], [-98.57823626141068, 31.263054730870575], [-98.56274464995472, 31.230531801190224], [-98.56904632241138, 31.198328769178865], [-98.53530611779966, 31.18681245309533], [-98.54200164478488, 31.174443076561168], [-98.51797651854385, 31.1646328813789], [-98.52690388785744, 31.140427291092212], [-98.54804074755583, 31.123472714635902], [-98.52349048194343, 31.088923766385303], [-98.5011720586594, 31.11696812869983], [-98.48200447160373, 31.119207412382742], [-98.46913855700471, 31.09660131044099], [-98.45745420599131, 31.088177338491], [-98.48436759877498, 31.066317664443552], [-98.47596536883276, 31.053415125127742], [-98.45036482447756, 31.0429651346075], [-98.43973075220694, 31.029529432510046], [-98.45929219379117, 31.007776391018925], [-98.4418313096925, 30.984317228626544], [-98.45285923649166, 30.968748875402508], [-98.44708270340638, 30.951794298946197], [-98.4145240623803, 30.942090736320257], [-98.4187251773514, 30.926309117983564], [-98.44576985497791, 30.92140402039243], [-98.96460755390981, 30.92140402039243], [-99.09247899084293, 30.921937183174073], [-99.09234770600008, 30.941024410756967]]]}}, {"type": "Feature", "properties": {"name": "Wheeler", "id": "48483"}, "geometry": {"type": "Polygon", "coordinates": [[[-100.54015695291834, 35.619314554579596], [-100.00044496397375, 35.61910128946694], [-100.00044496397375, 35.42236422303992], [-100.00044496397375, 35.182654236412304], [-100.53897538933272, 35.18318739919395], [-100.54015695291834, 35.619314554579596]]]}}, {"type": "Feature", "properties": {"name": "San Patricio", "id": "48409"}, "geometry": {"type": "Polygon", "coordinates": [[[-97.8177031667972, 28.176895285596384], [-97.56760554117339, 28.12965706314263], [-97.54108600291828, 28.16463254161855], [-97.52126199164836, 28.151303472077423], [-97.4824016781656, 28.16857794620272], [-97.47006090293797, 28.15439581621096], [-97.4595581155102, 28.160047341696398], [-97.43881511034036, 28.138934095543256], [-97.42214193529877, 28.14170654200781], [-97.42713075932696, 28.117714216833782], [-97.38485703993018, 28.123898905100866], [-97.37986821590198, 28.13733460719832], [-97.35584308966097, 28.123152477206563], [-97.34323974474763, 28.130190225924277], [-97.30897440076453, 28.12006013307302], [-97.30385429189349, 28.10395861706734], [-97.28731240169475, 28.110783100672396], [-97.28403028062357, 28.09137597542052], [-97.2643375541965, 28.08892342662495], [-97.26079286343963, 28.075807622196482], [-97.13475941430637, 27.902423085605513], [-97.15510856494768, 27.880563411558065], [-97.18714206660239, 27.82415478926002], [-97.22521467102806, 27.825754277604954], [-97.22836550725638, 27.84366854706823], [-97.25081521538326, 27.87608484419225], [-97.27365877803865, 27.881629737121358], [-97.32512243643473, 27.867874137354914], [-97.34100790241924, 27.88333585802262], [-97.37789894325928, 27.874911886072628], [-97.45430672179631, 27.873845560509338], [-97.49329832012191, 27.884082285916925], [-97.514697749506, 27.87011342103782], [-97.51509160403454, 27.85113282601126], [-97.50432624692107, 27.844414974962532], [-97.535309469833, 27.84772058420873], [-97.54266142103243, 27.858277207285305], [-97.57311950457297, 27.860943021193528], [-97.58953010992887, 27.856144556158725], [-97.61040439994156, 27.875978211635918], [-97.62602729624038, 27.8814164720087], [-97.63823678662516, 27.865634853672006], [-97.67525911230805, 27.882589430128316], [-97.67145185186548, 27.89303942064856], [-97.69153843282109, 27.903915941394118], [-97.69101329344971, 27.917351643491575], [-97.72921718271823, 27.92215010852638], [-97.7806808411143, 27.947635289489014], [-97.80680652484088, 27.934732750173204], [-97.80982607622637, 27.95776538234027], [-97.8174405971115, 27.969281698423803], [-97.80273669471262, 27.97941179127506], [-97.79853557974151, 27.995619939837066], [-97.78921435589938, 28.01364084185667], [-97.80142384628415, 28.038379594925], [-97.83897131133844, 28.034647455453484], [-97.86759140707912, 28.040938776276896], [-97.88308301853507, 28.056933659726248], [-97.90120032684798, 28.067810180471806], [-97.8954237937627, 28.07591425475281], [-97.90881484773311, 28.091909138202162], [-97.89818077546249, 28.099480049701523], [-97.90408859339061, 28.114195342474925], [-97.8177031667972, 28.176895285596384]]]}}, {"type": "Feature", "properties": {"name": "Burleson", "id": "48051"}, "geometry": {"type": "Polygon", "coordinates": [[[-96.96356397923371, 30.557147207972534], [-96.62130439393121, 30.730851642232487], [-96.59951111001858, 30.72861235854958], [-96.59583513441886, 30.715070023895795], [-96.5669524689925, 30.695662898643917], [-96.58415078340548, 30.683186889553422], [-96.582837934977, 30.66377976430154], [-96.60174295234698, 30.640533867021816], [-96.56879045679236, 30.63562876943068], [-96.5666898993068, 30.629337448607274], [-96.51049998656822, 30.627844592818665], [-96.49999719914045, 30.612809402376275], [-96.48503072705589, 30.603852267644637], [-96.47137710339977, 30.607264509447166], [-96.4522095163441, 30.597027784039582], [-96.4382933230023, 30.575168109992134], [-96.42306428123203, 30.5875374865263], [-96.42372070544627, 30.56045281721873], [-96.41361177254703, 30.539872733847233], [-96.3836788283779, 30.533474780467493], [-96.37658944686414, 30.54669721745229], [-96.35886599307977, 30.541792119861157], [-96.35190789640887, 30.50127174845613], [-96.32998332765341, 30.477919218620077], [-96.32250009161112, 30.458725358480855], [-96.29086044448496, 30.444010065707452], [-96.27208671195783, 30.416178968505584], [-96.27904480862871, 30.4074350988866], [-96.29519284429891, 30.412340196477736], [-96.30635205594092, 30.391760113106237], [-96.29913138958433, 30.379177471459414], [-96.31278501324043, 30.384295834163208], [-96.34048611508118, 30.36787442048854], [-96.3605726960368, 30.36787442048854], [-96.42280171154634, 30.34334893253287], [-96.46231844924333, 30.336311183815155], [-96.49054469045547, 30.33556475592085], [-96.49605865385504, 30.324368337506304], [-96.51286311373947, 30.32596782585124], [-96.54095807010876, 30.317970384126564], [-96.56235749949285, 30.322448951492383], [-96.56787146289243, 30.31327855164809], [-96.60594406731809, 30.30208213323354], [-96.64086583551543, 30.29675050541709], [-96.66318425879945, 30.2956841798538], [-96.69469262108277, 30.320209667809472], [-96.74366186746475, 30.319783137584157], [-96.75403337004967, 30.32916680254111], [-96.76991883603418, 30.364782076355], [-96.78764228981854, 30.380350429579035], [-96.79013670183264, 30.390693787542947], [-96.80825401014553, 30.396558578141043], [-96.84619532972836, 30.43142742406063], [-96.86798861364099, 30.43356007518721], [-96.87481542546904, 30.45744576780491], [-96.90461708479533, 30.466402902536544], [-96.89687127906735, 30.483997274330832], [-96.9042232302668, 30.508416129730175], [-96.91892713266567, 30.539232938509258], [-96.96356397923371, 30.557147207972534]]]}}, {"type": "Feature", "properties": {"name": "Bee", "id": "48025"}, "geometry": {"type": "Polygon", "coordinates": [[[-98.00530920722576, 28.690224411764234], [-97.91511652018977, 28.719654997311043], [-97.89345452111999, 28.700141239502834], [-97.85840146807982, 28.684359621166138], [-97.83017522686768, 28.678068300342726], [-97.82531768768233, 28.670390756287038], [-97.79525345867035, 28.67337646786425], [-97.77858028362876, 28.668044840047802], [-97.7553428664448, 28.65503566817566], [-97.7506166121023, 28.639254049838968], [-97.73210544926087, 28.628804059318725], [-97.72961103724677, 28.612595910756717], [-97.71306914704803, 28.586364301899778], [-97.69692111137783, 28.541898525910582], [-97.64572002266745, 28.52078527975744], [-97.62222003579781, 28.52931588426376], [-97.61040439994156, 28.523237828553007], [-97.57732061954408, 28.522598033215033], [-97.55854688701694, 28.51406742870871], [-97.55263906908883, 28.494340405787845], [-97.55132622066036, 28.450407792580293], [-97.52086813711982, 28.44646238799612], [-97.52034299774843, 28.43355984868031], [-97.49369217465046, 28.438784843940432], [-97.48056369036574, 28.433879746349298], [-97.4592955458245, 28.40754150493603], [-97.42831232291257, 28.41287313275248], [-97.4205665171846, 28.404129263133502], [-97.39785423937204, 28.403062937570212], [-97.37553581608803, 28.388667542465797], [-97.54108600291828, 28.16463254161855], [-97.56760554117339, 28.12965706314263], [-97.8177031667972, 28.176895285596384], [-97.80877579748359, 28.18339987153245], [-98.08972536117648, 28.66292647734401], [-98.00530920722576, 28.690224411764234]]]}}, {"type": "Feature", "properties": {"name": "Moore", "id": "48341"}, "geometry": {"type": "Polygon", "coordinates": [[[-102.16296889535184, 36.05522844485259], [-101.62351947609294, 36.055441709965244], [-101.62286305187871, 35.624006387058074], [-101.62286305187871, 35.620167615030226], [-102.16270632566615, 35.6200609824739], [-102.16283761050899, 35.627525261416935], [-102.16296889535184, 36.05522844485259]]]}}, {"type": "Feature", "properties": {"name": "Bosque", "id": "48035"}, "geometry": {"type": "Polygon", "coordinates": [[[-97.86483442537931, 32.08732439129382], [-97.63088483542572, 32.20739264972028], [-97.61499936944122, 32.203553877692435], [-97.59753848534254, 32.2037671428051], [-97.58966139477171, 32.19086460348929], [-97.56852453507332, 32.17646920838487], [-97.56799939570193, 32.1501309669716], [-97.55526476594576, 32.1493845390773], [-97.514697749506, 32.13360292074061], [-97.50839607704934, 32.140320771789334], [-97.51154691327767, 32.161860548167795], [-97.47610000570894, 32.173483496807656], [-97.45719498833895, 32.162713608618425], [-97.46979833325227, 32.14789168328869], [-97.49356088980761, 32.13989424156402], [-97.49579273213601, 32.12816466036783], [-97.47242403010922, 32.0975611167014], [-97.47071732715222, 32.086684595955845], [-97.49211675653629, 32.059706559204606], [-97.48568379923678, 32.04296524786095], [-97.48594636892247, 32.01758669945465], [-97.47491844212331, 32.010122420511614], [-97.44196594656869, 32.01438772276477], [-97.42634305026988, 32.02856985275653], [-97.422798359513, 32.0078831368287], [-97.40349948761447, 31.986449993006573], [-97.3813123491733, 31.985596932555943], [-97.37999950074483, 31.972694393240133], [-97.40428719667156, 31.95371379821357], [-97.4269994744841, 31.942624012355353], [-97.43947153455458, 31.92982810559587], [-97.42266707467016, 31.92321688710347], [-97.41242685692808, 31.909887817562346], [-97.39837937874343, 31.90978118500602], [-97.36030677431776, 31.890693957423125], [-97.38183748854469, 31.884296004043385], [-97.38288776728747, 31.8707536693896], [-97.36240733180331, 31.864995511347832], [-97.32709170907744, 31.841429716399123], [-97.30267272830787, 31.848254200004178], [-97.28206100798087, 31.843135837300387], [-97.28206100798087, 31.82330218182319], [-97.32656656970605, 31.788326703347273], [-97.31028724919301, 31.761561931708695], [-97.27720346879552, 31.745460415703015], [-97.58020888608672, 31.598840650750624], [-97.60528429107052, 31.587750864892406], [-97.68983172986408, 31.711018100008744], [-97.76637079324396, 31.67241711461764], [-98.0054404920686, 32.017906597123634], [-97.86483442537931, 32.08732439129382]]]}}, {"type": "Feature", "properties": {"name": "Goliad", "id": "48175"}, "geometry": {"type": "Polygon", "coordinates": [[[-97.77858028362876, 28.668044840047802], [-97.57469492268714, 28.813278381767912], [-97.41728439611342, 28.925242565913372], [-97.37146598595977, 28.899224222169092], [-97.33995762367645, 28.895598715253907], [-97.31041853403585, 28.877257915565316], [-97.30595484937905, 28.86403547858052], [-97.30306658283641, 28.845054883553956], [-97.25593532425428, 28.848467125356485], [-97.23926214921269, 28.853798753172935], [-97.23191019801325, 28.865315069256468], [-97.2027649629012, 28.853798753172935], [-97.18622307270246, 28.83289877213245], [-97.19016161798787, 28.812425321317278], [-97.17637670948892, 28.790778912382493], [-97.15891582539025, 28.776170252165418], [-97.16784319470386, 28.74791262473823], [-97.17795212760308, 28.73692947143634], [-97.16771190986101, 28.727865704148375], [-97.18241581225989, 28.610569892186465], [-97.17033760671795, 28.579753083407383], [-97.15392700136206, 28.57015615333777], [-97.16075381319011, 28.553521474550443], [-97.37553581608803, 28.388667542465797], [-97.39785423937204, 28.403062937570212], [-97.4205665171846, 28.404129263133502], [-97.42831232291257, 28.41287313275248], [-97.4592955458245, 28.40754150493603], [-97.48056369036574, 28.433879746349298], [-97.49369217465046, 28.438784843940432], [-97.52034299774843, 28.43355984868031], [-97.52086813711982, 28.44646238799612], [-97.55132622066036, 28.450407792580293], [-97.55263906908883, 28.494340405787845], [-97.55854688701694, 28.51406742870871], [-97.57732061954408, 28.522598033215033], [-97.61040439994156, 28.523237828553007], [-97.62222003579781, 28.52931588426376], [-97.64572002266745, 28.52078527975744], [-97.69692111137783, 28.541898525910582], [-97.71306914704803, 28.586364301899778], [-97.72961103724677, 28.612595910756717], [-97.73210544926087, 28.628804059318725], [-97.7506166121023, 28.639254049838968], [-97.7553428664448, 28.65503566817566], [-97.77858028362876, 28.668044840047802]]]}}, {"type": "Feature", "properties": {"name": "Webb", "id": "48479"}, "geometry": {"type": "Polygon", "coordinates": [[[-100.21207613064334, 28.196835573629908], [-100.11374378335083, 28.19779526663687], [-99.39417155970565, 28.204619750241925], [-99.38892016599178, 28.030382153200325], [-98.80338976689353, 28.05746682250789], [-98.79826965802249, 27.354011848405417], [-98.79813837317964, 27.26795937544791], [-98.95462990585344, 27.269345598680182], [-99.33364924715312, 27.27318437070803], [-99.37067157283602, 27.31914300248583], [-99.45390616320111, 27.264653766201707], [-99.4633586718861, 27.268385905673224], [-99.48068827114191, 27.259961933723233], [-99.49657373712643, 27.27169151491942], [-99.48751508296998, 27.29024557972067], [-99.49460446448371, 27.303574649261797], [-99.5296575175239, 27.306027198057365], [-99.53779717778043, 27.31605065835229], [-99.5048446822258, 27.338336862625052], [-99.50773294876844, 27.354225113518076], [-99.49211005246963, 27.38056335493134], [-99.48751508296998, 27.412446489273716], [-99.4956547432265, 27.438891363243307], [-99.4951296038551, 27.451474004890134], [-99.48383910737026, 27.467255623226826], [-99.48016313177054, 27.485809688028073], [-99.49749273102636, 27.500524980801476], [-99.52834466909543, 27.498925492456543], [-99.52191171179592, 27.54413769634004], [-99.51114635468245, 27.564504514598884], [-99.53018265689529, 27.580179500379245], [-99.53976645042313, 27.603318765102642], [-99.5549954921934, 27.61440855096086], [-99.58007089717721, 27.602252439539352], [-99.5781016245345, 27.619207015995663], [-99.60357088404685, 27.642026383050073], [-99.63888650677272, 27.626777927495024], [-99.66593118439924, 27.635948327339317], [-99.6583166635141, 27.650130457331077], [-99.66895073578472, 27.659940652513345], [-99.68575519566916, 27.661006978076635], [-99.70466021303915, 27.654928922365883], [-99.72146467292357, 27.66612534078043], [-99.73249259972273, 27.68542583347598], [-99.75756800470654, 27.711870707445573], [-99.77069648899125, 27.732130893148085], [-99.78540039139013, 27.730318139690493], [-99.80167971190318, 27.741727823217694], [-99.81310149323087, 27.773930855229057], [-99.83515734682919, 27.76284106937084], [-99.84172158897155, 27.766466576286025], [-99.85091152797085, 27.79397777581891], [-99.87769363591167, 27.79941603619169], [-99.87598693295466, 27.838017021582793], [-99.88202603572563, 27.850386398116957], [-99.90145619246701, 27.864141997883397], [-99.90434445900964, 27.875231783741615], [-99.89344781705333, 27.899224108915643], [-99.90014334403854, 27.912126648231453], [-99.91747294329436, 27.91799143882955], [-99.93716566972142, 27.94049090821497], [-99.93847851814989, 27.954033242868753], [-99.9317829911647, 27.98101127961999], [-99.96276621407662, 27.98357046097189], [-99.9913863098173, 27.994553614273777], [-100.00858462423027, 28.023984199820582], [-100.01790584807242, 28.064824468894596], [-100.05309018595545, 28.08476475692812], [-100.05650359186947, 28.104171882179998], [-100.07540860923946, 28.124858598107828], [-100.08341698465314, 28.14405245824705], [-100.11965160127895, 28.155568774330582], [-100.14105103066304, 28.168151415977405], [-100.16061247224727, 28.168151415977405], [-100.17439738074621, 28.17945446694828], [-100.21207613064334, 28.196835573629908]]]}}, {"type": "Feature", "properties": {"name": "Roberts", "id": "48393"}, "geometry": {"type": "Polygon", "coordinates": [[[-101.08603932947675, 35.62528597773402], [-101.08577675979106, 36.05522844485259], [-101.08577675979106, 36.057574361091824], [-100.5467211950607, 36.05650803552854], [-100.54015695291834, 36.05650803552854], [-100.54015695291834, 35.619314554579596], [-101.0859080446339, 35.61910128946694], [-101.08603932947675, 35.62528597773402]]]}}, {"type": "Feature", "properties": {"name": "Callahan", "id": "48059"}, "geometry": {"type": "Polygon", "coordinates": [[[-99.62956528293057, 32.514707677060485], [-99.61197311398907, 32.51460104450416], [-99.11427227475555, 32.51481430961682], [-99.11860467456951, 32.0795402146818], [-99.19593144700647, 32.07922031701281], [-99.63140327073043, 32.08124633558306], [-99.62982785261627, 32.43675927838398], [-99.62956528293057, 32.514707677060485]]]}}, {"type": "Feature", "properties": {"name": "Rains", "id": "48379"}, "geometry": {"type": "Polygon", "coordinates": [[[-95.86247800227474, 32.97951899009864], [-95.66778258033243, 32.97951899009864], [-95.66541945316118, 32.960431762515746], [-95.63496136962064, 32.72040187821915], [-95.65977420491876, 32.71144474348751], [-95.67749765870312, 32.72775952460585], [-95.71045015425776, 32.745567161512795], [-95.76427693982508, 32.75953602639189], [-95.76151995812529, 32.77030591458112], [-95.79591658695124, 32.77531764472859], [-95.8295255067201, 32.767000305334925], [-95.86392213554606, 32.77702376562985], [-95.89516792814368, 32.80389516982476], [-95.92234389061304, 32.815518118464624], [-95.93442209615498, 32.83716452739941], [-95.956740519439, 32.845161969124085], [-95.98719860297953, 32.87640530812849], [-95.97813994882307, 32.88621550331076], [-95.94531873811128, 32.97983888776763], [-95.86247800227474, 32.97951899009864]]]}}, {"type": "Feature", "properties": {"name": "Blanco", "id": "48031"}, "geometry": {"type": "Polygon", "coordinates": [[[-98.59162731538109, 30.499885525223853], [-98.41150451099482, 30.502124808906764], [-98.35098219844228, 30.486129925457412], [-98.12556612327374, 30.426202428800508], [-98.17295995154156, 30.356358104405007], [-98.2975492674035, 30.037953291206584], [-98.4139989230089, 29.937505423144657], [-98.58795133978137, 30.138934322050158], [-98.59162731538109, 30.499885525223853]]]}}, {"type": "Feature", "properties": {"name": "Morris", "id": "48343"}, "geometry": {"type": "Polygon", "coordinates": [[[-94.8087858535836, 33.36360945799573], [-94.80077747816992, 33.365315578897], [-94.77727749130028, 33.33161969109703], [-94.78147860627139, 33.318717151781215], [-94.7469506926026, 33.3289538771888], [-94.730277517561, 33.30880032404262], [-94.69181105860679, 33.31242583095781], [-94.68629709520721, 33.29280544059327], [-94.6522943209098, 33.26881311541924], [-94.65400102386681, 32.87949765226203], [-94.70585853679144, 32.879177754593044], [-94.70559596710575, 32.892080293908855], [-94.71990601497609, 32.904449670443014], [-94.76887526135806, 32.92588281426515], [-94.79027469074215, 32.96224451597334], [-94.81981378038276, 32.98293123190117], [-94.8087858535836, 33.36360945799573]]]}}, {"type": "Feature", "properties": {"name": "Gregg", "id": "48183"}, "geometry": {"type": "Polygon", "coordinates": [[[-94.70178870666318, 32.65215704216858], [-94.70205127634887, 32.42183072049792], [-94.69312390703527, 32.42737561342703], [-94.67185576249403, 32.42183072049792], [-94.64244795769628, 32.398264925549206], [-94.59873010502817, 32.39965114878149], [-94.57916866344395, 32.39495931630301], [-94.59164072351443, 32.3655287307562], [-94.60083066251373, 32.360090470383426], [-94.638378127568, 32.37054046090367], [-94.89609027407694, 32.36958076789671], [-94.985363967213, 32.370860358572656], [-94.98641424595577, 32.37427260037518], [-94.98693938532716, 32.53720714644591], [-94.97486117978522, 32.53592755576996], [-94.94610979920171, 32.54723060674083], [-94.8202076349113, 32.59063005716674], [-94.75850375877314, 32.65983458622427], [-94.7461629835455, 32.66751213027996], [-94.72791439038976, 32.65546265141478], [-94.70178870666318, 32.65215704216858]]]}}, {"type": "Feature", "properties": {"name": "Lampasas", "id": "48281"}, "geometry": {"type": "Polygon", "coordinates": [[[-98.56274464995472, 31.230531801190224], [-98.26682861417726, 31.410527556273593], [-98.27102972914837, 31.41639234687169], [-98.18004933305531, 31.46373720188177], [-97.93192098007421, 31.105771710285286], [-97.9071081447761, 31.069410008577094], [-97.9138036717613, 31.065891134218237], [-97.91170311427575, 31.034967692882823], [-98.43973075220694, 31.029529432510046], [-98.45036482447756, 31.0429651346075], [-98.47596536883276, 31.053415125127742], [-98.48436759877498, 31.066317664443552], [-98.45745420599131, 31.088177338491], [-98.46913855700471, 31.09660131044099], [-98.48200447160373, 31.119207412382742], [-98.5011720586594, 31.11696812869983], [-98.52349048194343, 31.088923766385303], [-98.54804074755583, 31.123472714635902], [-98.52690388785744, 31.140427291092212], [-98.51797651854385, 31.1646328813789], [-98.54200164478488, 31.174443076561168], [-98.53530611779966, 31.18681245309533], [-98.56904632241138, 31.198328769178865], [-98.56274464995472, 31.230531801190224]]]}}, {"type": "Feature", "properties": {"name": "Trinity", "id": "48455"}, "geometry": {"type": "Polygon", "coordinates": [[[-95.43475198427876, 31.05810695760622], [-94.9580567199008, 31.386961761324883], [-94.96107627128627, 31.348787306159096], [-94.94755393247303, 31.338550580751512], [-94.90948132804735, 31.337057724962907], [-94.89897854061958, 31.32692763211165], [-94.90160423747652, 31.31327866490154], [-94.88795061382042, 31.27649043296803], [-94.89766569219111, 31.258043000723113], [-94.87455955985001, 31.249619028773118], [-94.86051208166538, 31.234903735999715], [-94.86287520883661, 31.20099458308709], [-94.8500092942376, 31.178601746258], [-94.8500092942376, 31.15492931875296], [-94.84291991272386, 31.146611979359296], [-94.93928298737366, 31.042005441600537], [-95.20014597011092, 30.824581659245688], [-95.23099790818, 30.841109705476683], [-95.24307611372194, 30.866808151551975], [-95.2307353384943, 30.88696170469816], [-95.25239733756408, 30.906688727619024], [-95.31291965011661, 30.897838225443717], [-95.31383864401654, 30.873099472375387], [-95.32749226767265, 30.859557137721602], [-95.34534700629986, 30.875338756058298], [-95.35204253328506, 30.856997956369707], [-95.38328832588269, 30.852945919229203], [-95.39667937985308, 30.85774438426401], [-95.39155927098204, 30.875232123501966], [-95.3981235131244, 30.89197343484562], [-95.41519054269453, 30.909567806639906], [-95.41007043382349, 30.927695341215838], [-95.43435812975022, 30.937398903841782], [-95.43475198427876, 31.05810695760622]]]}}, {"type": "Feature", "properties": {"name": "Ward", "id": "48475"}, "geometry": {"type": "Polygon", "coordinates": [[[-103.61090942711294, 31.651837031246142], [-103.32759673624882, 31.651410501020827], [-102.80377021328873, 31.6513038684645], [-102.79891267410339, 31.651730398689814], [-102.76727302697722, 31.651730398689814], [-102.76740431182007, 31.29376490709333], [-102.80206351033172, 31.28107563289018], [-102.82674506078698, 31.26689350289842], [-102.83882326632892, 31.28587409792498], [-102.85628415042758, 31.290885828072447], [-102.87794614949736, 31.306987344078127], [-102.87545173748327, 31.31626437647875], [-102.89566960328173, 31.322022534520517], [-102.91391819643748, 31.33908374353316], [-102.93361092286455, 31.350066896835045], [-102.96564442451925, 31.351346487510995], [-102.99885948975958, 31.35913066412301], [-103.01106898014436, 31.37128677554452], [-103.02393489474338, 31.379604114938182], [-103.05780638419795, 31.38525564042362], [-103.06739017772578, 31.365208719833767], [-103.10730076995132, 31.361050050136935], [-103.14248510783435, 31.365421984946423], [-103.15863314350455, 31.37235310110781], [-103.18121413647425, 31.37022044998123], [-103.24488728525512, 31.38941431012045], [-103.25945990281116, 31.412446942287517], [-103.26169174513956, 31.427588765286238], [-103.28059676250955, 31.415752551533714], [-103.29031184088024, 31.42183060724447], [-103.32995986342007, 31.4120204120622], [-103.3445324809761, 31.422257137469785], [-103.36921403143135, 31.41415306318878], [-103.39376429704377, 31.43132090475775], [-103.41857713234188, 31.426202542053957], [-103.44050170109736, 31.431960700095726], [-103.45940671846735, 31.42844182573687], [-103.48999608685072, 31.459685164741266], [-103.48211899627991, 31.477172903979223], [-103.50351842566398, 31.50543053140641], [-103.49564133509315, 31.550322837620925], [-103.51139551623481, 31.56695751640825], [-103.51402121309175, 31.582739134744944], [-103.50417484987823, 31.596601367067716], [-103.51126423139196, 31.62624521772718], [-103.53095695781904, 31.642240101176533], [-103.54933683581764, 31.64458601741577], [-103.56233403525951, 31.632963068775908], [-103.57493738017283, 31.63264317110692], [-103.61090942711294, 31.651837031246142]]]}}, {"type": "Feature", "properties": {"name": "Wilbarger", "id": "48487"}, "geometry": {"type": "Polygon", "coordinates": [[[-99.47530559258519, 34.08561849689946], [-99.47517430774234, 34.39634576604219], [-99.45259331477263, 34.38824169176118], [-99.44077767891639, 34.37416619432575], [-99.42042852827508, 34.38045751514917], [-99.39719111109115, 34.37789833379727], [-99.39154586284872, 34.40562279844281], [-99.3970598262483, 34.4239635981314], [-99.39495926876273, 34.44209113270733], [-99.38104307542095, 34.45691305803707], [-99.35465482200867, 34.4519013278896], [-99.35675537949422, 34.44209113270733], [-99.32866042312493, 34.422364109786464], [-99.31960176896848, 34.40882177513268], [-99.28993139448502, 34.414686565730776], [-99.26131129874435, 34.403490147316234], [-99.2589481715731, 34.39122740333839], [-99.27496492240046, 34.38493608251498], [-99.23728617250332, 34.36275651079855], [-99.22993422130388, 34.34057693908211], [-99.21312976141945, 34.340363673969456], [-99.21352361594799, 34.310719823309995], [-99.20761579801987, 34.283528521446094], [-99.19566887732078, 34.28086270753787], [-99.1971130105921, 34.24428774071702], [-99.18949848970696, 34.21432399238857], [-99.15904040616643, 34.20888573201579], [-99.13816611615373, 34.219122457423374], [-99.11926109878374, 34.20174135074174], [-99.07948179140107, 34.21155154592401], [-99.04350974446095, 34.19822247638289], [-99.03628907810435, 34.20685971344554], [-99.01305166092041, 34.203234206530354], [-99.00071088569278, 34.21762960163477], [-98.98141201379424, 34.21762960163477], [-98.97419134743765, 34.20355410419934], [-98.95239806352502, 34.2126178714873], [-98.95318577258212, 33.834072296519324], [-99.47569944711373, 33.83396566396299], [-99.47530559258519, 34.08561849689946]]]}}, {"type": "Feature", "properties": {"name": "Sherman", "id": "48421"}, "geometry": {"type": "Polygon", "coordinates": [[[-102.16244375598045, 36.500312734969874], [-101.93020086898386, 36.50052600008253], [-101.82661712797747, 36.4996729396319], [-101.62391333062148, 36.49956630707557], [-101.62351947609294, 36.055441709965244], [-102.16296889535184, 36.05522844485259], [-102.16244375598045, 36.500312734969874]]]}}, {"type": "Feature", "properties": {"name": "Uvalde", "id": "48463"}, "geometry": {"type": "Polygon", "coordinates": [[[-100.11203708039382, 29.62325927964307], [-100.0142298724727, 29.623472544755725], [-99.6031770295183, 29.62720468422724], [-99.41176372864717, 29.62752458189623], [-99.41386428613272, 29.091376088673968], [-100.11138065617958, 29.086364358526506], [-100.11203708039382, 29.62325927964307]]]}}, {"type": "Feature", "properties": {"name": "Bailey", "id": "48017"}, "geometry": {"type": "Polygon", "coordinates": [[[-103.044021475699, 34.31274584188024], [-102.61511389411739, 34.312852474436575], [-102.61550774864592, 33.825115161787686], [-103.04730359677018, 33.82468863156237], [-103.04389019085615, 33.974614005760955], [-103.04362762117046, 34.11280979876335], [-103.044021475699, 34.31274584188024]]]}}, {"type": "Feature", "properties": {"name": "Madison", "id": "48313"}, "geometry": {"type": "Polygon", "coordinates": [[[-96.24097220420305, 30.97376060554997], [-96.19305323656384, 30.991141712231602], [-96.17086609812267, 30.9944473214778], [-96.0754220173728, 31.049149822874583], [-96.04890247911769, 31.068130417901145], [-96.00807289299222, 31.07314214804861], [-95.97525168228043, 31.09201611051884], [-95.76440822466793, 31.094255394201753], [-95.72344735369963, 31.079859999097337], [-95.70362334242971, 31.08252581300556], [-95.67644737996035, 31.075914594513165], [-95.65649208384758, 31.07932683631569], [-95.64756471453397, 31.055334511141666], [-95.62997254559245, 31.051709004226478], [-95.63469879993495, 31.037313609122062], [-95.66318761083278, 31.03326157198156], [-95.65846135649029, 31.016306995525248], [-95.67106470140361, 30.993274363358182], [-95.68117363430284, 30.986983042534767], [-95.6648943137898, 30.970881526529087], [-95.63863734522037, 30.92673564820888], [-95.61789434005053, 30.930467787680392], [-95.6119865221224, 30.918205043702557], [-95.62957869106391, 30.908608113632948], [-95.62970997590676, 30.899970876570297], [-95.65465409604772, 30.895812206873465], [-95.66620716221827, 30.90498260671776], [-95.68681888254527, 30.90093056957726], [-95.71648925702873, 30.911380560097502], [-95.733425001756, 30.900077509126625], [-95.76493336403932, 30.896345369655112], [-95.78449480562354, 30.87928416064247], [-95.79644172632263, 30.87821783507918], [-95.82991936124866, 30.8621163190735], [-95.85026851188996, 30.86766121200261], [-95.86300314164613, 30.86414233764375], [-96.12517897281187, 30.82660767781594], [-96.16837168610857, 30.82298217090075], [-96.17467335856524, 30.82980665450581], [-96.17690520089364, 30.858064281932997], [-96.19567893342078, 30.870966821248807], [-96.19357837593523, 30.882376504776012], [-96.21313981751945, 30.911380560097502], [-96.19817334543488, 30.931854010912673], [-96.20749456927703, 30.94710246646772], [-96.23178226520375, 30.954780010523407], [-96.24097220420305, 30.97376060554997]]]}}, {"type": "Feature", "properties": {"name": "Jasper", "id": "48241"}, "geometry": {"type": "Polygon", "coordinates": [[[-94.45786146865319, 31.033368204537886], [-94.12964936153534, 31.099267124349215], [-94.04326393494192, 31.118567617044768], [-94.03906281997081, 31.134242602825132], [-93.9111913830377, 31.1580216628865], [-93.86576682741259, 30.94720909902405], [-93.90147630466701, 30.242687799358283], [-94.1175711559934, 30.241621473794993], [-94.10772479277986, 30.26134849671586], [-94.12059070737888, 30.28299490565065], [-94.1178337256791, 30.300589277444935], [-94.104180102023, 30.30784029127531], [-94.10496781108007, 30.322982114274026], [-94.0949901630237, 30.339403527948694], [-94.08343709685315, 30.342175974413248], [-94.0991912779948, 30.36158309966513], [-94.1039175323373, 30.394212661901804], [-94.1131074713366, 30.402956531520786], [-94.11940914379326, 30.42630906135684], [-94.10680579887993, 30.43750547977138], [-94.10733093825132, 30.450301386530864], [-94.094727593338, 30.466616167649203], [-94.08409352106739, 30.50564368326562], [-94.07175274583975, 30.52601050152446], [-94.07267173973969, 30.542965077980774], [-94.08606279371008, 30.55288190571937], [-94.09262703585244, 30.57559464021745], [-94.07490358206809, 30.614728788390195], [-94.05455443142678, 30.628910918381955], [-94.05153488004129, 30.641813457697765], [-94.06505721885455, 30.662606806181923], [-94.08291195748176, 30.668364964223688], [-94.09249575100961, 30.68851851736987], [-94.12597338593562, 30.68670576391228], [-94.13713259757763, 30.733410823584386], [-94.12846779794972, 30.747273055907158], [-94.14671639110547, 30.787473529643194], [-94.17796218370309, 30.794404645804576], [-94.18846497113086, 30.821382682555818], [-94.1799314563458, 30.829913287062137], [-94.1980487646587, 30.85326581689819], [-94.19634206170169, 30.88131017921272], [-94.21406551548606, 30.907435155513326], [-94.20461300680105, 30.916072392575977], [-94.20684484912945, 30.936652475947476], [-94.22850684819923, 30.941877471207597], [-94.24268561122673, 30.962990717360743], [-94.24255432638388, 30.98890242854869], [-94.2353336600273, 30.99657997260438], [-94.25594538035429, 31.018439646651828], [-94.27813251879546, 31.017586586201194], [-94.28535318515205, 31.03955289280497], [-94.3219816563064, 31.021212093116382], [-94.33707941323382, 31.035927385889785], [-94.41453747051364, 31.026117190707517], [-94.43528047568348, 31.00649680034298], [-94.45142851135368, 31.008309553800572], [-94.44578326311125, 31.02366464191195], [-94.45786146865319, 31.033368204537886]]]}}, {"type": "Feature", "properties": {"name": "Hansford", "id": "48195"}, "geometry": {"type": "Polygon", "coordinates": [[[-101.62391333062148, 36.49956630707557], [-101.08512033557682, 36.49924640940658], [-101.08577675979106, 36.057574361091824], [-101.08577675979106, 36.05522844485259], [-101.62351947609294, 36.055441709965244], [-101.62391333062148, 36.49956630707557]]]}}, {"type": "Feature", "properties": {"name": "Chambers", "id": "48071"}, "geometry": {"type": "Polygon", "coordinates": [[[-94.98142542192758, 29.884295777536483], [-94.50013518804997, 29.88994730302192], [-94.44223857235438, 29.889520772796605], [-94.44223857235438, 29.887068224001037], [-94.35795370324652, 29.887494754226353], [-94.35388387311826, 29.611529698446876], [-94.35414644280395, 29.562052192310215], [-94.37081961784554, 29.555654238930476], [-94.37186989658832, 29.59713430334246], [-94.40652909509996, 29.59830726146208], [-94.41283076755663, 29.572608815386786], [-94.422808415613, 29.566210862007047], [-94.47466592853763, 29.558320052838702], [-94.51103183000629, 29.542964964727325], [-94.54634745273216, 29.572075652605143], [-94.56997872444465, 29.57218228516147], [-94.59347871131429, 29.561305764415913], [-94.74064902014592, 29.525903755714683], [-94.76861269167237, 29.525690490602024], [-94.7809534669, 29.5311287509748], [-94.79066854527069, 29.548403225100103], [-94.77110710368646, 29.548403225100103], [-94.73460991737497, 29.58401849891399], [-94.70874680333408, 29.62517866565699], [-94.69312390703527, 29.694489827270846], [-94.6960121735779, 29.75750966806129], [-94.72069372403317, 29.766466802792927], [-94.73618533548913, 29.761774970314452], [-94.75653448613043, 29.78139536067899], [-94.81613780478304, 29.756763240166986], [-94.85105957298038, 29.721361231465757], [-94.86497576632217, 29.695342887721477], [-94.8725902872073, 29.67124392999112], [-94.89307072269146, 29.661327102252525], [-94.9212969639036, 29.658128125562655], [-94.93114332711713, 29.673909743899348], [-94.91552043081832, 29.697795436517044], [-94.92996176353151, 29.69736890629173], [-94.93258746038845, 29.714323482748043], [-94.94545337498747, 29.716242868761963], [-94.91381372786131, 29.76625353768027], [-94.92300366686061, 29.802401974275803], [-94.90987518257589, 29.821275936746037], [-94.93455673303116, 29.834285108618175], [-94.9530678958726, 29.855291722214993], [-94.97683045242793, 29.867980996418144], [-94.98142542192758, 29.884295777536483]]]}}, {"type": "Feature", "properties": {"name": "Hardin", "id": "48199"}, "geometry": {"type": "Polygon", "coordinates": [[[-94.73277192957511, 30.490075330041584], [-94.53794522278994, 30.491035023048546], [-94.54569102851792, 30.526970194531422], [-94.07175274583975, 30.52601050152446], [-94.08409352106739, 30.50564368326562], [-94.094727593338, 30.466616167649203], [-94.10733093825132, 30.450301386530864], [-94.10680579887993, 30.43750547977138], [-94.11940914379326, 30.42630906135684], [-94.1131074713366, 30.402956531520786], [-94.1039175323373, 30.394212661901804], [-94.0991912779948, 30.36158309966513], [-94.08343709685315, 30.342175974413248], [-94.0949901630237, 30.339403527948694], [-94.10496781108007, 30.322982114274026], [-94.104180102023, 30.30784029127531], [-94.1178337256791, 30.300589277444935], [-94.12059070737888, 30.28299490565065], [-94.10772479277986, 30.26134849671586], [-94.1175711559934, 30.241621473794993], [-94.11704601662201, 30.215496497494385], [-94.09118290258112, 30.204619976748827], [-94.11008791995111, 30.188305195630488], [-94.1158644530364, 30.160367465872287], [-94.16903481438948, 30.173483270300757], [-94.17638676558892, 30.1879852979615], [-94.21314652158613, 30.182120507363408], [-94.23493980549875, 30.165912358801396], [-94.27563810678136, 30.170071028498228], [-94.27655710068129, 30.140000647613448], [-94.29257385150865, 30.117714443340684], [-94.33156544983424, 30.113982303869168], [-94.34180566757632, 30.103212415679938], [-94.36412409086033, 30.101612927335005], [-94.37567715703088, 30.109183838834362], [-94.39917714390052, 30.097454257638173], [-94.44486426921132, 30.11302261086221], [-94.59636697785692, 30.112062917855248], [-94.73277192957511, 30.490075330041584]]]}}, {"type": "Feature", "properties": {"name": "Culberson", "id": "48109"}, "geometry": {"type": "Polygon", "coordinates": [[[-104.91837517702761, 32.000525490442], [-104.53174131484279, 32.00009896021669], [-104.32969394170104, 32.00009896021669], [-104.02445668208144, 31.999992327660358], [-104.07723318890599, 31.39410614259893], [-104.10230859388979, 31.10523854750364], [-104.917193613442, 30.663673131745213], [-104.9164059043849, 30.835991342772893], [-104.90760981991414, 30.83588471021656], [-104.90787238959985, 30.984850391408187], [-104.90892266834263, 31.000098846963237], [-104.91824389218476, 31.813278721528263], [-104.91837517702761, 32.000525490442]]]}}, {"type": "Feature", "properties": {"name": "Atascosa", "id": "48013"}, "geometry": {"type": "Polygon", "coordinates": [[[-98.804702615322, 29.25068512782951], [-98.4073033960237, 29.114408720841034], [-98.33076433264382, 29.033581243143644], [-98.19094597501162, 28.88237627826911], [-98.16823369719906, 28.861263032115964], [-98.09825887596153, 28.786940140354645], [-98.33496544761493, 28.612702543313045], [-98.33509673245777, 28.648317817126934], [-98.6323256166637, 28.648317817126934], [-98.80089535487943, 28.64735812411997], [-98.80089535487943, 28.647464756676303], [-98.80496518500769, 29.090416395667006], [-98.804702615322, 29.25068512782951]]]}}, {"type": "Feature", "properties": {"name": "Collin", "id": "48085"}, "geometry": {"type": "Polygon", "coordinates": [[[-96.83411712418642, 33.40551605263303], [-96.38459782227781, 33.397838508577344], [-96.38446653743497, 33.34110998861031], [-96.29545541398461, 33.35198650935587], [-96.29716211694162, 32.98175827378155], [-96.51680165902489, 32.982291436563195], [-96.84396348739996, 32.987516431823316], [-96.83779309978614, 33.262841692264814], [-96.83411712418642, 33.40551605263303]]]}}, {"type": "Feature", "properties": {"name": "El Paso", "id": "48141"}, "geometry": {"type": "Polygon", "coordinates": [[[-105.9980617246025, 32.002338243899594], [-105.99477960353131, 31.679668128448014], [-105.99267904604577, 31.50009890358996], [-105.99320418541716, 31.478345862098845], [-105.95920141111974, 31.478452494655173], [-105.95854498690551, 31.423430095589403], [-105.9975365852311, 31.386748496212228], [-106.00488853643054, 31.392506654253992], [-106.0802460362248, 31.398691342521076], [-106.10689685932277, 31.421404077019154], [-106.13275997336366, 31.425349481603327], [-106.15822923287601, 31.43889181625711], [-106.17569011697468, 31.45627292293874], [-106.20588563082951, 31.46597648556468], [-106.21888283027138, 31.480265248112765], [-106.22387165429957, 31.50041880125895], [-106.23686885374144, 31.513427973131087], [-106.24619007758359, 31.54115243777663], [-106.28084927609524, 31.562052418817117], [-106.30356155390778, 31.620380427129085], [-106.33467606166256, 31.664099775223978], [-106.34951124890429, 31.696729337460656], [-106.37379894483101, 31.714856872036588], [-106.3810196111876, 31.732131346161886], [-106.41791065202764, 31.751965001639082], [-106.45151957179651, 31.764760908398564], [-106.47554469803754, 31.75015224818149], [-106.48959217622219, 31.748446127280225], [-106.52858377454778, 31.781822117411206], [-106.52766478064785, 31.78907313124158], [-106.54709493738923, 31.80730729837384], [-106.57729045124408, 31.81039964250738], [-106.58805580835754, 31.82212922370357], [-106.60525412277052, 31.827887381745338], [-106.60197200169934, 31.839616962941527], [-106.63597477599674, 31.86627510202378], [-106.6291479641687, 31.88376284126174], [-106.6452959998389, 31.894852627119956], [-106.6336116488255, 31.90978118500602], [-106.61208093459857, 31.918631687181325], [-106.62402785529765, 31.93100106371549], [-106.61431277692697, 31.95275410520661], [-106.619432885798, 31.964803584071785], [-106.63951946675363, 31.98037193729582], [-106.61851389189808, 32.000525490442], [-106.39427938031517, 32.00148518344896], [-106.20588563082951, 32.00180508111795], [-105.9980617246025, 32.002338243899594]]]}}, {"type": "Feature", "properties": {"name": "Loving", "id": "48301"}, "geometry": {"type": "Polygon", "coordinates": [[[-103.98021369004195, 32.00009896021669], [-103.72289539806155, 32.000205592773014], [-103.32654645750604, 32.00041885788568], [-103.32759673624882, 31.651410501020827], [-103.61090942711294, 31.651837031246142], [-103.63244014133987, 31.673590072737262], [-103.63559097756821, 31.690331384080913], [-103.62574461435467, 31.70504667685432], [-103.65948481896639, 31.71037830467077], [-103.67602670916513, 31.722747681204936], [-103.69178089030679, 31.74780633194225], [-103.72407696164719, 31.73927572743593], [-103.75427247550202, 31.741088480893524], [-103.75729202688751, 31.75132520630111], [-103.79720261911304, 31.77019916877134], [-103.80941210949783, 31.7942981265017], [-103.80718026716941, 31.821809326034582], [-103.82109646051121, 31.83865726993457], [-103.81308808509755, 31.846334813990257], [-103.82871098139636, 31.862542962552265], [-103.82936740561058, 31.888028143514898], [-103.83960762335266, 31.889414366747175], [-103.88555731834916, 31.87032713916428], [-103.88240648212083, 31.891866915542742], [-103.91220814144714, 31.902423538619317], [-103.9224483591892, 31.94251737979902], [-103.94095952203065, 31.944543398369273], [-103.9410908068735, 31.96139134226926], [-103.95198744882981, 31.987409686013535], [-103.97443715695668, 31.979198979176203], [-103.98021369004195, 32.00009896021669]]]}}, {"type": "Feature", "properties": {"name": "Milam", "id": "48331"}, "geometry": {"type": "Polygon", "coordinates": [[[-97.31553864290689, 30.752391418610948], [-97.25908616048261, 30.889627518606382], [-97.25029007601186, 30.89517241153549], [-97.07016727162558, 30.986236614640465], [-96.94886007683482, 31.048403394980276], [-96.91157518146623, 31.068983478351775], [-96.82965343952962, 31.110570175320092], [-96.82912830015823, 31.105878342841613], [-96.80956685857402, 31.07954010142835], [-96.8212512095874, 31.064185013316973], [-96.8056283132886, 31.059599813394826], [-96.79315625321811, 31.065677869105578], [-96.77858363566209, 31.035607488220798], [-96.76834341792001, 30.99967231673792], [-96.75574007300668, 31.005430474779686], [-96.74510600073606, 30.994767219146787], [-96.77096911477695, 30.972161117205037], [-96.76952498150564, 30.95883204766391], [-96.75534621847814, 30.943583592108862], [-96.75626521237807, 30.927162178434195], [-96.7298769589658, 30.89986424401397], [-96.71491048688122, 30.898158123112704], [-96.69849988152532, 30.908821378745607], [-96.6948239059256, 30.864568867869068], [-96.67014235547035, 30.833858691646313], [-96.6516311926289, 30.827140840597583], [-96.63600829633009, 30.804321473543176], [-96.64677365344356, 30.77915619024953], [-96.62445523015954, 30.78000925070016], [-96.61106417618913, 30.757403148758414], [-96.63285746010176, 30.74140826530906], [-96.62130439393121, 30.730851642232487], [-96.96356397923371, 30.557147207972534], [-97.15523984979053, 30.457339135248578], [-97.27142693571025, 30.735650107267293], [-97.31553864290689, 30.752391418610948]]]}}, {"type": "Feature", "properties": {"name": "Reeves", "id": "48389"}, "geometry": {"type": "Polygon", "coordinates": [[[-104.02445668208144, 31.999992327660358], [-103.98021369004195, 32.00009896021669], [-103.97443715695668, 31.979198979176203], [-103.95198744882981, 31.987409686013535], [-103.9410908068735, 31.96139134226926], [-103.94095952203065, 31.944543398369273], [-103.9224483591892, 31.94251737979902], [-103.91220814144714, 31.902423538619317], [-103.88240648212083, 31.891866915542742], [-103.88555731834916, 31.87032713916428], [-103.83960762335266, 31.889414366747175], [-103.82936740561058, 31.888028143514898], [-103.82871098139636, 31.862542962552265], [-103.81308808509755, 31.846334813990257], [-103.82109646051121, 31.83865726993457], [-103.80718026716941, 31.821809326034582], [-103.80941210949783, 31.7942981265017], [-103.79720261911304, 31.77019916877134], [-103.75729202688751, 31.75132520630111], [-103.75427247550202, 31.741088480893524], [-103.72407696164719, 31.73927572743593], [-103.69178089030679, 31.74780633194225], [-103.67602670916513, 31.722747681204936], [-103.65948481896639, 31.71037830467077], [-103.62574461435467, 31.70504667685432], [-103.63559097756821, 31.690331384080913], [-103.63244014133987, 31.673590072737262], [-103.61090942711294, 31.651837031246142], [-103.57493738017283, 31.63264317110692], [-103.56233403525951, 31.632963068775908], [-103.54933683581764, 31.64458601741577], [-103.53095695781904, 31.642240101176533], [-103.51126423139196, 31.62624521772718], [-103.50417484987823, 31.596601367067716], [-103.51402121309175, 31.582739134744944], [-103.51139551623481, 31.56695751640825], [-103.49564133509315, 31.550322837620925], [-103.50351842566398, 31.50543053140641], [-103.48211899627991, 31.477172903979223], [-103.48999608685072, 31.459685164741266], [-103.45940671846735, 31.42844182573687], [-103.44050170109736, 31.431960700095726], [-103.41857713234188, 31.426202542053957], [-103.39376429704377, 31.43132090475775], [-103.36921403143135, 31.41415306318878], [-103.3445324809761, 31.422257137469785], [-103.32995986342007, 31.4120204120622], [-103.29031184088024, 31.42183060724447], [-103.28059676250955, 31.415752551533714], [-103.26169174513956, 31.427588765286238], [-103.25945990281116, 31.412446942287517], [-103.24488728525512, 31.38941431012045], [-103.18121413647425, 31.37022044998123], [-103.15863314350455, 31.37235310110781], [-103.14248510783435, 31.365421984946423], [-103.10730076995132, 31.361050050136935], [-103.06739017772578, 31.365208719833767], [-103.05780638419795, 31.38525564042362], [-103.02393489474338, 31.379604114938182], [-103.01106898014436, 31.37128677554452], [-103.58504631307206, 30.766466916046376], [-104.10230859388979, 31.10523854750364], [-104.07723318890599, 31.39410614259893], [-104.02445668208144, 31.999992327660358]]]}}, {"type": "Feature", "properties": {"name": "Lamb", "id": "48279"}, "geometry": {"type": "Polygon", "coordinates": [[[-102.61511389411739, 34.312852474436575], [-102.52557763129565, 34.31306573954923], [-102.09036837725736, 34.31317237210556], [-102.08577340775773, 33.82468863156237], [-102.61550774864592, 33.825115161787686], [-102.61511389411739, 34.312852474436575]]]}}, {"type": "Feature", "properties": {"name": "Austin", "id": "48015"}, "geometry": {"type": "Polygon", "coordinates": [[[-96.14605326282457, 30.070262955774275], [-96.14067058426784, 30.058213476909096], [-96.1171705973982, 30.05010940262809], [-96.09472088927133, 30.02537064955976], [-96.08448067152926, 30.00511046385725], [-96.10456725248487, 29.99636659423827], [-96.09563988317126, 29.97813242710601], [-96.10640524028473, 29.95552632516426], [-96.13161193011138, 29.937505423144657], [-96.11336333695563, 29.915539116540884], [-96.12622925155465, 29.898797805197226], [-96.09577116801411, 29.876724866037122], [-96.11218177337, 29.87256619634029], [-96.10167898594223, 29.854012131539044], [-96.1213717123693, 29.836631024857414], [-96.10246669499932, 29.809652988106176], [-96.08224882920085, 29.804747890515042], [-96.04929633364623, 29.803148402170105], [-96.04299466118957, 29.77915607699608], [-96.02960360721914, 29.754630589040406], [-96.03984382496122, 29.737462747471437], [-96.03275444344749, 29.727972449958155], [-96.03236058891895, 29.717522459437912], [-96.01161758374909, 29.71986837567715], [-96.00754775362083, 29.702913799220838], [-96.01660640777729, 29.680094432166428], [-96.03209801923325, 29.688518404116422], [-96.05717342421705, 29.681907185624024], [-96.04378237024665, 29.665805669618344], [-96.02960360721914, 29.675189334575293], [-96.0160812684059, 29.663673018491764], [-96.03183544954756, 29.655568944210756], [-96.01752540167722, 29.6454388513595], [-96.01647512293444, 29.627098051670913], [-96.02487735287666, 29.602892461384226], [-96.08894435618606, 29.60161287070828], [-96.10968736135591, 29.622512851748766], [-96.14185214785346, 29.61963377272788], [-96.17546106762232, 29.63381590271964], [-96.19922362417766, 29.65642200466139], [-96.22469288369, 29.66484597661138], [-96.2403157799888, 29.657808227893668], [-96.2592207973588, 29.668898013751882], [-96.27773196020024, 29.70046125042527], [-96.27011743931511, 29.71656276643095], [-96.29834368052724, 29.737249482358777], [-96.29716211694162, 29.749725491449272], [-96.31068445575488, 29.75537701693471], [-96.31803640695432, 29.791205555861257], [-96.3327403093532, 29.802828504501118], [-96.33090232155334, 29.814451453140983], [-96.34311181193812, 29.8295932761397], [-96.35768442949416, 29.819143285619457], [-96.37934642856393, 29.82532797388654], [-96.41269277864711, 29.824688178548566], [-96.43474863224543, 29.84793407582829], [-96.45995532207208, 29.85465192687702], [-96.48503072705589, 29.86734120108017], [-96.53570667639488, 29.90732840970355], [-96.56984073553514, 29.961497748318685], [-96.62196081814545, 30.044244612029996], [-96.59412843146185, 30.071009383668578], [-96.58585748636249, 30.064718062845166], [-96.51877093166759, 30.06525122562681], [-96.28784089309947, 30.0968144623002], [-96.27248056648637, 30.09446854606096], [-96.25935208220164, 30.075701216147053], [-96.22863142897542, 30.075594583590725], [-96.21379624173369, 30.068983365098326], [-96.17979346743628, 30.06205224893694], [-96.15944431679497, 30.053841542099608], [-96.14605326282457, 30.070262955774275]]]}}, {"type": "Feature", "properties": {"name": "Brazoria", "id": "48039"}, "geometry": {"type": "Polygon", "coordinates": [[[-95.87403106844529, 29.229678514232695], [-95.84199756679058, 29.258682569554185], [-95.84764281503301, 29.262627974138358], [-95.7977545747511, 29.307946810578187], [-95.78396966625215, 29.296217229381995], [-95.75285515849738, 29.324474856809182], [-95.67277140436062, 29.299522838628196], [-95.65439152636202, 29.290992234121873], [-95.64060661786307, 29.29664375960731], [-95.60502842545151, 29.330766177632594], [-95.590849662424, 29.327460568386396], [-95.57955916593916, 29.340149842589547], [-95.58047815983909, 29.360836558517374], [-95.56734967555437, 29.389733981282536], [-95.54752566428445, 29.395172241655317], [-95.54581896132744, 29.40775488330214], [-95.55592789422667, 29.425349255096425], [-95.55067650051278, 29.438251794412235], [-95.46245308611951, 29.439211487419197], [-95.42411791200814, 29.580179726886147], [-95.37541123531186, 29.58828380116715], [-95.34626600019979, 29.585617987258928], [-95.33116824327237, 29.599160321912713], [-95.28653139670433, 29.597880731236764], [-95.26158727656338, 29.593188898758285], [-95.2538414708354, 29.553734852916552], [-95.2379560048509, 29.56141239697224], [-95.21642529062396, 29.55608076915579], [-95.23309846566555, 29.465549728832464], [-95.05862090952171, 29.2032336402631], [-95.09905664111862, 29.173483157047304], [-95.11271026477472, 29.19566272876374], [-95.13791695460138, 29.194809668313106], [-95.15852867492838, 29.18915814282767], [-95.1552465538572, 29.151516850443528], [-95.16522420191359, 29.113555660390404], [-95.14487505127228, 29.090842925892325], [-95.10562088326098, 29.123045957903685], [-95.1299085791877, 29.085617930632203], [-95.11927450691708, 29.077833754020183], [-95.1251823248452, 29.067277130943612], [-95.19134988564016, 29.0231312526234], [-95.23887499875083, 28.988688936929133], [-95.272221348834, 28.961497635065236], [-95.29716546897495, 28.93409306808868], [-95.30976881388828, 28.928228277490582], [-95.35348666655638, 28.898157896605802], [-95.38236933198274, 28.866381394819758], [-95.41610953659446, 28.85945027865837], [-95.4396095234641, 28.859023748433057], [-95.50722121753039, 28.825647758302075], [-95.5114223325015, 28.836311013934978], [-95.53098377408571, 28.829060000104604], [-95.57115693599694, 28.831299283787516], [-95.57640832971083, 28.853798753172935], [-95.5886178200956, 28.867234455270392], [-95.63351723634933, 28.897518101267828], [-95.65150325981939, 28.92087063110388], [-95.64861499327675, 28.94166397958804], [-95.67565967090326, 28.964483346642446], [-95.69955351230143, 28.96960170934624], [-95.76493336403932, 28.96746905821966], [-95.76742777605341, 28.990501690386726], [-95.77753670895264, 28.998285866998742], [-95.77806184832403, 29.024517475855678], [-95.78462609046639, 29.03837970817845], [-95.76585235793925, 29.059812852000583], [-95.79368474462284, 29.07282202387272], [-95.80760093796464, 29.090736293335993], [-95.82965679156295, 29.089456702660044], [-95.84514840301892, 29.108863827911925], [-95.83845287603371, 29.136908190226457], [-95.8506623664185, 29.15247654345049], [-95.84029086383357, 29.17486938027958], [-95.85473219654676, 29.190650998616277], [-95.84908694830433, 29.20088772402386], [-95.87403106844529, 29.229678514232695]]]}}, {"type": "Feature", "properties": {"name": "Throckmorton", "id": "48447"}, "geometry": {"type": "Polygon", "coordinates": [[[-99.47241732604255, 33.39901146669696], [-98.9539734816392, 33.39751861090836], [-98.95082264541087, 32.95691288815689], [-99.0960236815998, 32.95701952071322], [-99.47123576245693, 32.95701952071322], [-99.47241732604255, 33.39901146669696]]]}}, {"type": "Feature", "properties": {"name": "Dallas", "id": "48113"}, "geometry": {"type": "Polygon", "coordinates": [[[-97.03222595204277, 32.98932918528091], [-96.84396348739996, 32.987516431823316], [-96.51680165902489, 32.982291436563195], [-96.51903350135329, 32.8135987324507], [-96.52310333148155, 32.545204588170584], [-96.5299301433096, 32.545311220726916], [-97.01358350435846, 32.548296932304126], [-97.03839633965657, 32.54861682997311], [-97.03616449732817, 32.711124845818524], [-97.0331449459427, 32.87853795925507], [-97.03222595204277, 32.98932918528091]]]}}, {"type": "Feature", "properties": {"name": "Bastrop", "id": "48021"}, "geometry": {"type": "Polygon", "coordinates": [[[-97.36949671331706, 30.41959121030811], [-97.33444366027688, 30.402849898964455], [-97.19961412667286, 30.33780403960376], [-97.08185162263898, 30.25932247814561], [-97.02448014631477, 30.05138899330404], [-97.19423144811613, 29.896771786626978], [-97.31580121259259, 29.786513723382782], [-97.64939599826717, 30.067917039535036], [-97.49447988370754, 30.208138851107684], [-97.49132904747921, 30.211977623135528], [-97.36949671331706, 30.41959121030811]]]}}, {"type": "Feature", "properties": {"name": "Wilson", "id": "48493"}, "geometry": {"type": "Polygon", "coordinates": [[[-98.4073033960237, 29.114408720841034], [-98.32721964188696, 29.2098448587555], [-98.1396136014584, 29.437398733961604], [-98.13423092290165, 29.441770668771092], [-98.12254657188825, 29.37853756286799], [-98.11322534804611, 29.36563502355218], [-98.08473653714827, 29.37960388843128], [-97.84041544460976, 29.376831441966726], [-97.85879532260836, 29.3528391167927], [-97.72842947366114, 29.221787705064347], [-97.99533155916939, 29.026116964200614], [-98.19094597501162, 28.88237627826911], [-98.33076433264382, 29.033581243143644], [-98.4073033960237, 29.114408720841034]]]}}, {"type": "Feature", "properties": {"name": "Nueces", "id": "48355"}, "geometry": {"type": "MultiPolygon", "coordinates": [[[[-97.79853557974151, 27.995619939837066], [-97.80273669471262, 27.97941179127506], [-97.8174405971115, 27.969281698423803], [-97.80982607622637, 27.95776538234027], [-97.80680652484088, 27.934732750173204], [-97.7806808411143, 27.947635289489014], [-97.72921718271823, 27.92215010852638], [-97.69101329344971, 27.917351643491575], [-97.69153843282109, 27.903915941394118], [-97.67145185186548, 27.89303942064856], [-97.67525911230805, 27.882589430128316], [-97.63823678662516, 27.865634853672006], [-97.62602729624038, 27.8814164720087], [-97.61040439994156, 27.875978211635918], [-97.58953010992887, 27.856144556158725], [-97.57311950457297, 27.860943021193528], [-97.54266142103243, 27.858277207285305], [-97.535309469833, 27.84772058420873], [-97.50432624692107, 27.844414974962532], [-97.47203017558068, 27.82415478926002], [-97.41925366875613, 27.8229818311404], [-97.3790805068449, 27.83791038902646], [-97.39181513660108, 27.813918063852434], [-97.3932592698724, 27.78288798996069], [-97.36831514973144, 27.741727823217694], [-97.34691572034735, 27.72541304209936], [-97.31645763680682, 27.712723767896204], [-97.25396605161158, 27.696728884446856], [-97.26604425715351, 27.678601349870924], [-97.2966336255369, 27.61398202073554], [-97.29400792867996, 27.59414836525835], [-97.32157774567786, 27.57122236564761], [-97.32512243643473, 27.560879007683695], [-97.57298821973014, 27.560345844902052], [-97.8405467294526, 27.55842645888813], [-97.85800761355127, 27.58071266316089], [-97.87389307953578, 27.587857044434934], [-97.87717520060696, 27.60897029058808], [-97.88859698193465, 27.620273341558953], [-97.9210243381179, 27.62293915546718], [-97.94216119781629, 27.635948327339317], [-97.93362768303122, 27.776490036580952], [-97.93428410724546, 27.885255244036543], [-97.79853557974151, 27.995619939837066]]], [[[-97.07804436219641, 27.91543225747765], [-97.05717007218371, 27.865421588559347], [-97.06530973244024, 27.85187925390556], [-97.04364773337046, 27.836524165794184], [-97.09077899195259, 27.785873701537906], [-97.14079851707734, 27.71666917248038], [-97.21274261095758, 27.596387648941256], [-97.22298282869966, 27.576660626020388], [-97.24215041575533, 27.5829519468438], [-97.26827609948192, 27.576020830682417], [-97.23519231908443, 27.634455471550712], [-97.18701078175954, 27.69427633565129], [-97.15117001966227, 27.768599227412608], [-97.12084322096457, 27.798669608297388], [-97.13134600839236, 27.822661933471416], [-97.12990187512104, 27.8395098773714], [-97.07804436219641, 27.91543225747765]]]]}}, {"type": "Feature", "properties": {"name": "Kimble", "id": "48267"}, "geometry": {"type": "Polygon", "coordinates": [[[-100.11623819536493, 30.71037819141732], [-99.48383910737026, 30.710804721642635], [-99.48449553158449, 30.499672260111197], [-99.30397887266967, 30.499778892667525], [-99.30174703034128, 30.286620412565835], [-99.75415459879251, 30.29067244970634], [-100.11650076505062, 30.290245919481023], [-100.11623819536493, 30.71037819141732]]]}}, {"type": "Feature", "properties": {"name": "McCulloch", "id": "48307"}, "geometry": {"type": "Polygon", "coordinates": [[[-99.6031770295183, 31.087324278040366], [-99.60147032656128, 31.125178835537167], [-99.60186418108984, 31.491994829308958], [-99.57258766113492, 31.493700950210222], [-99.53727203840904, 31.483570857358966], [-99.5296575175239, 31.4605382251919], [-99.511540209211, 31.424389788596365], [-99.49302904636956, 31.44454334174255], [-99.46939777465707, 31.430147946638133], [-99.44629164231597, 31.450514764896973], [-99.44379723030187, 31.475146885408975], [-99.41688383751821, 31.46139128564253], [-99.3987665292053, 31.460111694966585], [-99.40231121996217, 31.446249462643813], [-99.3669955972363, 31.43782549069382], [-99.31487551462598, 31.40988776093562], [-99.3026660242412, 31.432493862877372], [-99.27142023164357, 31.446889257981788], [-99.2723392255435, 31.454566802037476], [-99.23846773608895, 31.48314432713365], [-99.20275825883452, 31.467256076240627], [-99.18857949580703, 31.47034842037417], [-99.18490352020731, 31.45499333226279], [-99.16205995755192, 31.4678958715786], [-99.11611026255541, 31.46821576924759], [-99.09549854222841, 31.44848874632672], [-99.09064100304306, 31.460964755417216], [-99.09234770600008, 30.941024410756967], [-99.48475810127019, 30.940597880531648], [-99.60357088404685, 30.94070451308798], [-99.6031770295183, 31.087324278040366]]]}}, {"type": "Feature", "properties": {"name": "Crockett", "id": "48105"}, "geometry": {"type": "Polygon", "coordinates": [[[-102.38877882504892, 31.087111012927707], [-102.30121183486987, 31.086257952477077], [-101.77620374832416, 31.079753366541006], [-101.27482693349094, 31.07932683631569], [-100.9622377226719, 31.08252581300556], [-100.9619751529862, 30.885042318684235], [-100.96053101971488, 30.85977040283426], [-100.96053101971488, 30.70611288916416], [-100.96066230455773, 30.287793370685456], [-101.00516786628292, 30.287366840460137], [-101.75834900969696, 30.288006635798112], [-101.74456410119801, 30.30122907278291], [-101.73694958031287, 30.3269275188582], [-101.70058367884421, 30.345908113884764], [-101.66960045593228, 30.339403527948694], [-101.65857252913312, 30.357850960193613], [-101.68522335223109, 30.369580541389805], [-101.69743284261588, 30.380457062135363], [-101.70163395758699, 30.40221010362648], [-101.7286786352135, 30.408288159337236], [-101.74049427106974, 30.421297331209374], [-101.72027640527128, 30.44219731224986], [-101.72185182338545, 30.47098810245869], [-101.70005853947282, 30.457552400361237], [-101.68889932783081, 30.467575860656165], [-101.69178759437345, 30.49146155327386], [-101.67511441933186, 30.502124808906764], [-101.67997195851721, 30.5217451992713], [-101.66763118328959, 30.528036520094712], [-101.6462317539055, 30.56077271488772], [-101.66356135316131, 30.588817077202247], [-101.65240214151932, 30.620486946431964], [-101.66986302561799, 30.637868053113593], [-101.6896870368879, 30.63904101123321], [-101.71200546017191, 30.654609364457247], [-101.75047191912613, 30.649704266866113], [-101.76845794259619, 30.65311650866864], [-101.77580989379562, 30.680840973314183], [-101.80744954092178, 30.699501670671758], [-101.80797468029317, 30.72530674930338], [-101.815851770864, 30.751964888385633], [-101.8344942185483, 30.757936311540057], [-101.83987689710503, 30.785234245960282], [-101.83147466716281, 30.801762292191277], [-101.84722884830447, 30.828420431273532], [-101.8451282908189, 30.841003072920355], [-101.86009476290349, 30.87363263515703], [-101.89120927065827, 30.890693844169675], [-101.87427352593097, 30.912233620548133], [-101.88346346493027, 30.92566932264559], [-101.90814501538554, 30.928228503997484], [-101.92101092998456, 30.946356038573416], [-101.95186286805364, 30.95563307097404], [-101.96118409189579, 30.97066826141643], [-101.99308630870765, 30.989328958774006], [-102.01172875639193, 30.97930549847908], [-102.03260304640463, 30.996899870273367], [-102.04914493660337, 31.003617721322094], [-102.08170357762945, 30.98666314486578], [-102.09719518908543, 30.995620279597418], [-102.1099298188416, 30.99028865178097], [-102.1277845574688, 31.001165172526527], [-102.13933762363935, 30.994873851703115], [-102.15194096855268, 31.00734986079361], [-102.17045213139413, 31.00607027011766], [-102.20143535430606, 31.030489125517004], [-102.23202472268943, 31.035500855664466], [-102.24659734024547, 31.042005441600537], [-102.265896212144, 31.03422126498852], [-102.2890023444851, 31.035820753333454], [-102.3207732764541, 31.061839097077733], [-102.35635146886568, 31.074421738724556], [-102.37092408642171, 31.08508499435746], [-102.38877882504892, 31.087111012927707]]]}}, {"type": "Feature", "properties": {"name": "Hill", "id": "48217"}, "geometry": {"type": "Polygon", "coordinates": [[[-97.47610000570894, 32.173483496807656], [-97.47596872086609, 32.181694203644994], [-97.08618402245294, 32.26540076036326], [-96.9407204165783, 32.05213564770524], [-96.89621485485313, 32.07399532175269], [-96.71911160185233, 31.8148782098732], [-96.93218690179324, 31.708885448882164], [-97.03721477607095, 31.86307612533391], [-97.27720346879552, 31.745460415703015], [-97.31028724919301, 31.761561931708695], [-97.32656656970605, 31.788326703347273], [-97.28206100798087, 31.82330218182319], [-97.28206100798087, 31.843135837300387], [-97.30267272830787, 31.848254200004178], [-97.32709170907744, 31.841429716399123], [-97.36240733180331, 31.864995511347832], [-97.38288776728747, 31.8707536693896], [-97.38183748854469, 31.884296004043385], [-97.36030677431776, 31.890693957423125], [-97.39837937874343, 31.90978118500602], [-97.41242685692808, 31.909887817562346], [-97.42266707467016, 31.92321688710347], [-97.43947153455458, 31.92982810559587], [-97.4269994744841, 31.942624012355353], [-97.40428719667156, 31.95371379821357], [-97.37999950074483, 31.972694393240133], [-97.3813123491733, 31.985596932555943], [-97.40349948761447, 31.986449993006573], [-97.422798359513, 32.0078831368287], [-97.42634305026988, 32.02856985275653], [-97.44196594656869, 32.01438772276477], [-97.47491844212331, 32.010122420511614], [-97.48594636892247, 32.01758669945465], [-97.48568379923678, 32.04296524786095], [-97.49211675653629, 32.059706559204606], [-97.47071732715222, 32.086684595955845], [-97.47242403010922, 32.0975611167014], [-97.49579273213601, 32.12816466036783], [-97.49356088980761, 32.13989424156402], [-97.46979833325227, 32.14789168328869], [-97.45719498833895, 32.162713608618425], [-97.47610000570894, 32.173483496807656]]]}}, {"type": "Feature", "properties": {"name": "Camp", "id": "48063"}, "geometry": {"type": "Polygon", "coordinates": [[[-95.15222700247172, 33.01342814301127], [-95.13726053038714, 33.03091588224922], [-95.12610131874513, 33.03454138916441], [-95.11428568288889, 33.030809249692894], [-95.09459295646182, 33.03752710074162], [-95.07910134500585, 33.05138933306439], [-95.06072146700726, 33.054588309754266], [-95.04352315259428, 33.06983676530931], [-95.01450920232506, 33.07570155590741], [-94.92654835761748, 33.06930360252767], [-94.92142824874644, 33.05074953772642], [-94.90186680716222, 33.041579137882124], [-94.89057631067736, 33.025370989320116], [-94.86431934210793, 33.01492099879987], [-94.85407912436585, 33.00361794782899], [-94.81981378038276, 32.98293123190117], [-94.79027469074215, 32.96224451597334], [-94.76887526135806, 32.92588281426515], [-94.71990601497609, 32.904449670443014], [-95.15209571762887, 32.90263691698542], [-95.15012644498616, 33.00926947331443], [-95.15222700247172, 33.01342814301127]]]}}, {"type": "Feature", "properties": {"name": "Scurry", "id": "48415"}, "geometry": {"type": "Polygon", "coordinates": [[[-101.1733437499701, 32.96363073920562], [-101.03864550120893, 32.970241957698015], [-100.99020139419834, 32.96501696243789], [-100.65581889946667, 32.96341747409296], [-100.66067643865202, 32.52526430013706], [-101.17452531355572, 32.52771684893263], [-101.1733437499701, 32.96363073920562]]]}}, {"type": "Feature", "properties": {"name": "Freestone", "id": "48161"}, "geometry": {"type": "Polygon", "coordinates": [[[-96.49671507806927, 31.79621751251562], [-96.0548102970458, 32.01257496930718], [-96.0528410244031, 32.005857118258454], [-96.06255610277378, 31.978452551281897], [-96.01503098966312, 31.947635742502815], [-96.01975724400562, 31.936865854313584], [-96.00269021443549, 31.91276689658323], [-96.01962595916277, 31.903596496738935], [-96.02763433457645, 31.877898050663642], [-96.00938574142069, 31.87928427389592], [-95.99888295399292, 31.868301120594033], [-95.9745952580662, 31.87715162276934], [-95.99231871185056, 31.846974609328228], [-95.97800866398022, 31.832365949111157], [-95.97551425196613, 31.806560870479537], [-95.98247234863703, 31.787047112671328], [-95.9612042040958, 31.788113438234618], [-95.95306454383928, 31.776277224482097], [-95.92733271464122, 31.76859968042641], [-95.90396401261444, 31.767426722306787], [-95.87429363813098, 31.754204285321993], [-95.8687796747314, 31.724667067218856], [-95.8757377714023, 31.695663011897366], [-95.8645785597603, 31.691610974756863], [-95.84304784553336, 31.695876277010022], [-95.82125456162075, 31.686919142278388], [-95.81272104683568, 31.676255886645485], [-95.78252553298083, 31.678601802884724], [-95.7932908900943, 31.657915086956898], [-95.79670429600833, 31.631043682761984], [-95.78725178732333, 31.618354408558833], [-96.23663980438909, 31.41340663529448], [-96.49671507806927, 31.79621751251562]]]}}, {"type": "Feature", "properties": {"name": "Ector", "id": "48135"}, "geometry": {"type": "Polygon", "coordinates": [[[-102.79904395894623, 32.085831535505214], [-102.28703307184239, 32.08700449362483], [-102.28729564152808, 31.6513038684645], [-102.31801629475432, 31.6513038684645], [-102.76727302697722, 31.651730398689814], [-102.79891267410339, 31.651730398689814], [-102.79904395894623, 32.085831535505214]]]}}, {"type": "Feature", "properties": {"name": "Runnels", "id": "48399"}, "geometry": {"type": "Polygon", "coordinates": [[[-100.23518226298444, 32.082419293702685], [-100.15194767261934, 32.08263255881534], [-99.71398143688128, 32.0820993960337], [-99.72172724260928, 31.57676771159052], [-100.11124937133674, 31.580286585949377], [-100.23373812971312, 31.582205971963297], [-100.23570740235583, 31.69299719798914], [-100.23518226298444, 32.082419293702685]]]}}, {"type": "Feature", "properties": {"name": "Terrell", "id": "48443"}, "geometry": {"type": "Polygon", "coordinates": [[[-101.76845794259619, 30.65311650866864], [-101.75047191912613, 30.649704266866113], [-101.71200546017191, 30.654609364457247], [-101.6896870368879, 30.63904101123321], [-101.66986302561799, 30.637868053113593], [-101.65240214151932, 30.620486946431964], [-101.66356135316131, 30.588817077202247], [-101.6462317539055, 30.56077271488772], [-101.66763118328959, 30.528036520094712], [-101.67997195851721, 30.5217451992713], [-101.67511441933186, 30.502124808906764], [-101.69178759437345, 30.49146155327386], [-101.68889932783081, 30.467575860656165], [-101.70005853947282, 30.457552400361237], [-101.72185182338545, 30.47098810245869], [-101.72027640527128, 30.44219731224986], [-101.74049427106974, 30.421297331209374], [-101.7286786352135, 30.408288159337236], [-101.70163395758699, 30.40221010362648], [-101.69743284261588, 30.380457062135363], [-101.68522335223109, 30.369580541389805], [-101.65857252913312, 30.357850960193613], [-101.66960045593228, 30.339403527948694], [-101.70058367884421, 30.345908113884764], [-101.73694958031287, 30.3269275188582], [-101.74456410119801, 30.30122907278291], [-101.75834900969696, 30.288006635798112], [-101.7609747065539, 29.78246168624228], [-101.7771227422241, 29.789286169847337], [-101.7910389355659, 29.782994849023922], [-101.81493277696407, 29.793124941875178], [-101.83121209747712, 29.789286169847337], [-101.8526115268612, 29.80186881149416], [-101.8754550895166, 29.79397800232581], [-101.91234613035665, 29.797816774353656], [-101.92967572961247, 29.789286169847337], [-101.95356957101065, 29.796857081346694], [-101.9745751458662, 29.81029278344415], [-101.98757234530805, 29.801015751043526], [-102.00175110833555, 29.80485452307137], [-102.03470360389018, 29.80400146262074], [-102.0500639305033, 29.785020867594174], [-102.07369520221579, 29.786940253608098], [-102.08446055932924, 29.794937695332774], [-102.11570635192687, 29.792378513980875], [-102.14235717502484, 29.802828504501118], [-102.1595554894378, 29.81434482058465], [-102.18187391272183, 29.846014689814368], [-102.20537389959146, 29.842389182899183], [-102.23176215300374, 29.84825397349728], [-102.24738504930255, 29.85731774078524], [-102.2812565387571, 29.86307589882701], [-102.30134311971273, 29.877684559044084], [-102.32064199161125, 29.878857517163702], [-102.56706364163534, 30.05277521653632], [-102.56693235679249, 30.283314803319634], [-102.34309169973811, 30.284167863770268], [-102.34296041489527, 30.598733904940847], [-102.13841862973942, 30.597560946821226], [-102.13776220552519, 30.655995587689524], [-101.99754999336444, 30.6540762016756], [-101.76845794259619, 30.65311650866864]]]}}, {"type": "Feature", "properties": {"name": "Limestone", "id": "48293"}, "geometry": {"type": "Polygon", "coordinates": [[[-96.93218690179324, 31.708885448882164], [-96.71911160185233, 31.8148782098732], [-96.49671507806927, 31.79621751251562], [-96.23663980438909, 31.41340663529448], [-96.32289394613966, 31.374059222009073], [-96.31921797053994, 31.35710464555276], [-96.59688541316164, 31.220934871120615], [-96.8011646286318, 31.522278475306397], [-96.93218690179324, 31.708885448882164]]]}}, {"type": "Feature", "properties": {"name": "Denton", "id": "48121"}, "geometry": {"type": "Polygon", "coordinates": [[[-97.38315033697316, 33.43046807081402], [-97.22009456215702, 33.42513644299757], [-96.94387125280663, 33.41639257337859], [-96.84107522085732, 33.41340686180138], [-96.83411712418642, 33.40551605263303], [-96.83779309978614, 33.262841692264814], [-96.84396348739996, 32.987516431823316], [-97.03222595204277, 32.98932918528091], [-97.37999950074483, 32.99018224573154], [-97.39851066358628, 32.990822041069514], [-97.39155256691538, 33.21890907905727], [-97.38315033697316, 33.43046807081402]]]}}, {"type": "Feature", "properties": {"name": "Kent", "id": "48263"}, "geometry": {"type": "Polygon", "coordinates": [[[-101.03877678605178, 33.39719871323937], [-100.51744467510579, 33.397838508577344], [-100.5191513780628, 32.96288431131131], [-100.65581889946667, 32.96341747409296], [-100.99020139419834, 32.96501696243789], [-101.03864550120893, 32.970241957698015], [-101.03877678605178, 33.39719871323937]]]}}, {"type": "Feature", "properties": {"name": "Deaf Smith", "id": "48117"}, "geometry": {"type": "Polygon", "coordinates": [[[-103.04231477274199, 35.18318739919395], [-102.16743258000864, 35.18318739919395], [-102.16887671327996, 34.74738014147729], [-102.1764912341651, 34.74663371358298], [-102.5251837767671, 34.74695361125197], [-103.04270862727053, 34.74738014147729], [-103.04257734242768, 34.95414066819924], [-103.04231477274199, 35.18318739919395]]]}}, {"type": "Feature", "properties": {"name": "Red River", "id": "48387"}, "geometry": {"type": "Polygon", "coordinates": [[[-95.3095062442026, 33.88035082596611], [-95.28784424513282, 33.874912565593334], [-95.27970458487628, 33.89911815588002], [-95.25305376177832, 33.905409476703426], [-95.25292247693547, 33.93366710413061], [-95.23047276880861, 33.96075177343818], [-95.2193135571666, 33.96160483388881], [-95.18412921928356, 33.95030178291794], [-95.16115437178532, 33.93761250871479], [-95.13109014277333, 33.93697271337682], [-95.12242534314541, 33.91863191368822], [-95.10325775608973, 33.91362018354076], [-95.09039184149071, 33.89325336528192], [-95.07122425443502, 33.901570704675585], [-95.0611153215358, 33.89527938385217], [-95.04903711599385, 33.864142677404104], [-95.02238629289589, 33.85977074259461], [-95.00833881471125, 33.86606206341803], [-94.99271591841244, 33.85241309620791], [-94.9689533618571, 33.86094370071423], [-94.96435839235745, 33.837058008096534], [-94.93954555705935, 33.81050650157061], [-94.91775227314672, 33.808693748113015], [-94.91959026094658, 33.786300911283924], [-94.87600369312133, 33.76081573032129], [-94.86930816613612, 33.74588717243523], [-94.83084170718192, 33.740022381837136], [-94.81745065321151, 33.75217849325864], [-94.79867692068437, 33.74450094920295], [-94.77504564897188, 33.755057572279526], [-94.75916018298737, 33.72957239131689], [-94.74261829278863, 33.727013209964994], [-94.73762946876045, 33.706006596368184], [-94.74603169870267, 33.703020884790966], [-94.7469506926026, 33.3289538771888], [-94.78147860627139, 33.318717151781215], [-94.77727749130028, 33.33161969109703], [-94.80077747816992, 33.365315578897], [-94.8087858535836, 33.36360945799573], [-94.81272439886901, 33.37555230430458], [-94.83018528296768, 33.382803318134954], [-94.85762381512274, 33.3767252624242], [-94.87600369312133, 33.39421300166216], [-94.88978860162028, 33.39506606211279], [-94.90882490383312, 33.383763011141916], [-94.9530678958726, 33.39080075985963], [-94.97932486444203, 33.38706862038811], [-95.01713489918201, 33.390907392415954], [-95.0246181352243, 33.3840829088109], [-95.04956225536525, 33.38301658324761], [-95.05757063077893, 33.39154718775393], [-95.07424380582052, 33.385895662268496], [-95.09341139287619, 33.39751861090836], [-95.1254448945309, 33.38941453662735], [-95.15340856605734, 33.3807772995647], [-95.16194208084241, 33.3848293367052], [-95.19686384903974, 33.373846183403316], [-95.22298953276632, 33.378111485656476], [-95.24228840466485, 33.36798139280522], [-95.26093085234915, 33.36691506724193], [-95.3000537355176, 33.382376787909635], [-95.30661797765995, 33.37800485310015], [-95.30858725030265, 33.380670667008374], [-95.31042523810251, 33.87501919814966], [-95.3095062442026, 33.88035082596611]]]}}, {"type": "Feature", "properties": {"name": "Matagorda", "id": "48321"}, "geometry": {"type": "Polygon", "coordinates": [[[-96.378427434664, 28.390586928479717], [-96.32276266129682, 28.642986189310484], [-96.3235503703539, 28.67561575154716], [-96.30924032248356, 28.963310388522828], [-95.9651427493812, 29.146825017965053], [-95.87403106844529, 29.229678514232695], [-95.84908694830433, 29.20088772402386], [-95.85473219654676, 29.190650998616277], [-95.84029086383357, 29.17486938027958], [-95.8506623664185, 29.15247654345049], [-95.83845287603371, 29.136908190226457], [-95.84514840301892, 29.108863827911925], [-95.82965679156295, 29.089456702660044], [-95.80760093796464, 29.090736293335993], [-95.79368474462284, 29.07282202387272], [-95.76585235793925, 29.059812852000583], [-95.78462609046639, 29.03837970817845], [-95.77806184832403, 29.024517475855678], [-95.77753670895264, 28.998285866998742], [-95.76742777605341, 28.990501690386726], [-95.76493336403932, 28.96746905821966], [-95.69955351230143, 28.96960170934624], [-95.67565967090326, 28.964483346642446], [-95.64861499327675, 28.94166397958804], [-95.65150325981939, 28.92087063110388], [-95.63351723634933, 28.897518101267828], [-95.5886178200956, 28.867234455270392], [-95.57640832971083, 28.853798753172935], [-95.57115693599694, 28.831299283787516], [-95.53098377408571, 28.829060000104604], [-95.5114223325015, 28.836311013934978], [-95.50722121753039, 28.825647758302075], [-95.58874910493846, 28.783208000883132], [-95.65951163523306, 28.7511116014281], [-95.68406190084548, 28.734050392415458], [-95.81245847714999, 28.66495249591426], [-95.88400871650167, 28.633069361571884], [-96.00072094179278, 28.5882836879137], [-96.0779164293869, 28.556613818683985], [-96.19436608499231, 28.50223121495619], [-96.22036048387605, 28.491994489548606], [-96.24477946464562, 28.475039913092292], [-96.30320121971259, 28.44187718807397], [-96.32158109771119, 28.425135876730316], [-96.34166767866681, 28.4173517001183], [-96.378427434664, 28.390586928479717]]]}}, {"type": "Feature", "properties": {"name": "Hardeman", "id": "48197"}, "geometry": {"type": "Polygon", "coordinates": [[[-99.99768798227396, 34.31178614887328], [-99.99755669743111, 34.560453270232536], [-99.97156229854738, 34.5621593911338], [-99.9456991845065, 34.57922060014644], [-99.92180534310832, 34.570263465414804], [-99.88714614459667, 34.54904358670533], [-99.85301208545641, 34.51161555943385], [-99.82531098361567, 34.497646694554746], [-99.8142830568165, 34.476213550732616], [-99.78303726421889, 34.444330416390244], [-99.76557638012021, 34.437505932785186], [-99.75428588363536, 34.42129778422318], [-99.71647584889539, 34.40285035197826], [-99.71266858845281, 34.39090750566941], [-99.69652055278262, 34.38099067793081], [-99.66264906332806, 34.37363303154411], [-99.64965186388619, 34.379924352367524], [-99.62418260437384, 34.37352639898778], [-99.60002619328998, 34.3746993571074], [-99.584534581834, 34.39122740333839], [-99.58007089717721, 34.4166059517447], [-99.56221615855, 34.417352379639], [-99.4998558581976, 34.409568203026986], [-99.47517430774234, 34.39634576604219], [-99.47530559258519, 34.08561849689946], [-99.49105977372685, 34.065358311196945], [-99.50536982159718, 34.07708789239314], [-99.53490891123779, 34.07399554825959], [-99.54856253489389, 34.05576138112733], [-99.57311280050631, 34.06365219029568], [-99.59359323599045, 34.082526152765915], [-99.61788093191718, 34.083379213216546], [-99.62300104078822, 34.09574858975071], [-99.65306526980021, 34.09894756644058], [-99.67367699012722, 34.088497575920336], [-99.7042663585106, 34.09852103621526], [-99.73341159362266, 34.0935093060678], [-99.74680264759307, 34.100973585010834], [-99.77200933741972, 34.093296040955146], [-99.99755669743111, 34.224347452683496], [-99.99768798227396, 34.31178614887328]]]}}, {"type": "Feature", "properties": {"name": "Dickens", "id": "48125"}, "geometry": {"type": "Polygon", "coordinates": [[[-101.04113991322302, 33.833645766294005], [-100.51862623869141, 33.83567178486425], [-100.51744467510579, 33.397838508577344], [-101.03877678605178, 33.39719871323937], [-101.04113991322302, 33.833645766294005]]]}}, {"type": "Feature", "properties": {"name": "La Salle", "id": "48283"}, "geometry": {"type": "Polygon", "coordinates": [[[-99.39574697781983, 28.640746905627573], [-98.80089535487943, 28.647464756676303], [-98.80089535487943, 28.64735812411997], [-98.80168306393651, 28.625285184959868], [-98.80010764582235, 28.202380466559017], [-98.80338976689353, 28.05746682250789], [-99.38892016599178, 28.030382153200325], [-99.39417155970565, 28.204619750241925], [-99.39574697781983, 28.640746905627573]]]}}, {"type": "Feature", "properties": {"name": "Palo Pinto", "id": "48363"}, "geometry": {"type": "Polygon", "coordinates": [[[-98.57561056455374, 32.954353706804994], [-98.42725869213646, 32.95232768823474], [-98.42660226792223, 33.00788325008216], [-98.05611644140761, 33.00329805016001], [-98.06688179852107, 32.55885355538069], [-98.06858850147808, 32.511615332926944], [-98.47517765977568, 32.513001556159224], [-98.57626698876797, 32.515134207285804], [-98.57600441908228, 32.7338375803166], [-98.57561056455374, 32.954353706804994]]]}}, {"type": "Feature", "properties": {"name": "Starr", "id": "48427"}, "geometry": {"type": "Polygon", "coordinates": [[[-99.16941190875136, 26.571648782619476], [-99.0110823882777, 26.674975729702286], [-98.95423605132488, 26.785660323171797], [-98.42266372263683, 26.783527672045217], [-98.3206553997446, 26.783101141819902], [-98.39680060859594, 26.625284958452966], [-98.49198211966011, 26.44539583592593], [-98.58532564292443, 26.260281718138767], [-98.58729491556713, 26.254950090322318], [-98.59911055142338, 26.257615904230544], [-98.62668036842128, 26.252177643857763], [-98.63416360446357, 26.24258071378815], [-98.66934794234659, 26.23628939296474], [-98.67906302071728, 26.245566425365364], [-98.68116357820284, 26.262734266934334], [-98.70742054677227, 26.272117931891287], [-98.71122780721484, 26.289712303685576], [-98.74523058151225, 26.30314800578303], [-98.74562443604079, 26.317223503218457], [-98.75520822956862, 26.325114312386805], [-98.78986742808027, 26.331618898322876], [-98.79826965802249, 26.36019642341905], [-98.80732831217894, 26.369473455819673], [-98.82452662659192, 26.370753046495622], [-98.84408806817613, 26.358596935074114], [-98.86141766743197, 26.365954581460816], [-98.89095675707257, 26.357530609510825], [-98.9055293746286, 26.364035195446895], [-98.92128355577026, 26.38141630212852], [-98.9420265609401, 26.37555151153043], [-98.96762710529529, 26.398264246028507], [-99.00806283689222, 26.395491799563953], [-99.02197903023401, 26.407861176098116], [-99.03904605980414, 26.41297953880191], [-99.06215219214523, 26.397411185577873], [-99.08197620341515, 26.396558125127243], [-99.11085886884153, 26.426308608343035], [-99.09169128178584, 26.476959072599314], [-99.10508233575625, 26.500311602435367], [-99.12779461356881, 26.525156988060026], [-99.1667862118944, 26.536033508805588], [-99.17138118139405, 26.549895741128356], [-99.16941190875136, 26.571648782619476]]]}}, {"type": "Feature", "properties": {"name": "Hall", "id": "48191"}, "geometry": {"type": "Polygon", "coordinates": [[[-100.94490812341607, 34.74823320192792], [-100.54068209228973, 34.747700039146274], [-100.4158302067421, 34.74748677403362], [-100.41779947938481, 34.31349226977455], [-100.51731339026294, 34.31413206511252], [-100.9460896870017, 34.31274584188024], [-100.94490812341607, 34.74823320192792]]]}}, {"type": "Feature", "properties": {"name": "Marion", "id": "48315"}, "geometry": {"type": "Polygon", "coordinates": [[[-94.70585853679144, 32.879177754593044], [-94.65400102386681, 32.87949765226203], [-94.05035331645567, 32.880883875494305], [-94.04287008041338, 32.88109714060696], [-94.04313265009907, 32.69299731124259], [-94.08041754546767, 32.689158539214745], [-94.09630301145216, 32.70227434364321], [-94.0905264783669, 32.7231743246837], [-94.10050412642327, 32.73533043610521], [-94.1362136036777, 32.74002226858369], [-94.18623312880246, 32.69672945071411], [-94.21183367315766, 32.70280750642486], [-94.23283924801319, 32.718482492205226], [-94.2283755633564, 32.72861258505648], [-94.2415040476411, 32.74801971030836], [-94.28207106408087, 32.74748654752671], [-94.29191742729441, 32.72733299438053], [-94.31686154743537, 32.72893248272547], [-94.32775818939167, 32.718482492205226], [-94.38105983558762, 32.694810064700185], [-94.50656814534948, 32.69374373913689], [-94.70218256119172, 32.79312528163553], [-94.70218256119172, 32.82052984861208], [-94.67238090186542, 32.83471197860384], [-94.69903172496339, 32.84505533656776], [-94.70585853679144, 32.879177754593044]]]}}, {"type": "Feature", "properties": {"name": "Liberty", "id": "48291"}, "geometry": {"type": "Polygon", "coordinates": [[[-95.16588062612782, 30.344948420877802], [-94.84265734303816, 30.48740951613336], [-94.84935287002337, 30.49359420440044], [-94.77727749130028, 30.489009004478294], [-94.73277192957511, 30.490075330041584], [-94.59636697785692, 30.112062917855248], [-94.44486426921132, 30.11302261086221], [-94.44223857235438, 29.889520772796605], [-94.50013518804997, 29.88994730302192], [-94.98142542192758, 29.884295777536483], [-94.99862373634056, 29.919804418794044], [-94.985363967213, 29.972267636507915], [-94.99980529992618, 29.991461496647137], [-95.03091980768096, 29.993700780330045], [-95.09669351394737, 30.167191949477346], [-95.16588062612782, 30.344948420877802]]]}}, {"type": "Feature", "properties": {"name": "Live Oak", "id": "48297"}, "geometry": {"type": "Polygon", "coordinates": [[[-98.33496544761493, 28.612702543313045], [-98.09825887596153, 28.786940140354645], [-98.00530920722576, 28.690224411764234], [-98.08972536117648, 28.66292647734401], [-97.80877579748359, 28.18339987153245], [-97.8177031667972, 28.176895285596384], [-97.90408859339061, 28.114195342474925], [-97.89818077546249, 28.099480049701523], [-97.90881484773311, 28.091909138202162], [-97.8954237937627, 28.07591425475281], [-97.90120032684798, 28.067810180471806], [-97.88308301853507, 28.056933659726248], [-98.2354515367368, 28.057999985289538], [-98.33430902340069, 28.05778672017688], [-98.33496544761493, 28.612702543313045]]]}}, {"type": "Feature", "properties": {"name": "Hood", "id": "48221"}, "geometry": {"type": "Polygon", "coordinates": [[[-98.06688179852107, 32.55885355538069], [-97.61709992692677, 32.55544131357817], [-97.61709992692677, 32.471734756859895], [-97.61526193912691, 32.31861040597144], [-97.78278139859987, 32.31647775484486], [-97.94557460373031, 32.23351762602089], [-98.0012393770975, 32.36232975406633], [-98.02053824899603, 32.40231696268971], [-98.06858850147808, 32.511615332926944], [-98.06688179852107, 32.55885355538069]]]}}, {"type": "Feature", "properties": {"name": "Archer", "id": "48009"}, "geometry": {"type": "Polygon", "coordinates": [[[-98.95318577258212, 33.834072296519324], [-98.42358271653674, 33.83609831508957], [-98.4214821590512, 33.46682977252221], [-98.42069444999412, 33.39623902023241], [-98.9539734816392, 33.39751861090836], [-98.95318577258212, 33.834072296519324]]]}}, {"type": "Feature", "properties": {"name": "Baylor", "id": "48023"}, "geometry": {"type": "Polygon", "coordinates": [[[-99.47569944711373, 33.83396566396299], [-98.95318577258212, 33.834072296519324], [-98.9539734816392, 33.39751861090836], [-99.47241732604255, 33.39901146669696], [-99.47451788352811, 33.73383769357005], [-99.47569944711373, 33.83396566396299]]]}}, {"type": "Feature", "properties": {"name": "San Augustine", "id": "48405"}, "geometry": {"type": "Polygon", "coordinates": [[[-94.39904585905768, 31.653543152147407], [-94.09065776320975, 31.620593692241744], [-93.9844483253464, 31.56941006520382], [-93.98326676176077, 31.46608311812101], [-94.00020250648807, 31.448382113770393], [-94.04418292884185, 31.40999439349195], [-94.02619690537179, 31.381523500952106], [-94.02265221461492, 31.36382249660149], [-94.04168851682776, 31.340256701652777], [-94.03709354732811, 31.332899055266076], [-94.04707119538449, 31.29589755821991], [-94.03919410481366, 31.28832664672055], [-94.02987288097151, 31.240128731259837], [-94.03853768059943, 31.217735894430746], [-94.03866896544227, 31.176149197462433], [-94.04838404381296, 31.145545653796006], [-94.03906281997081, 31.134242602825132], [-94.04326393494192, 31.118567617044768], [-94.12964936153534, 31.099267124349215], [-94.14382812456283, 31.114728845016923], [-94.19292865578767, 31.136161988839053], [-94.20290630384405, 31.153969625745997], [-94.21957947888563, 31.16441961626624], [-94.21905433951424, 31.17327011844155], [-94.26986157369609, 31.196196118052285], [-94.28784759716615, 31.20131448075608], [-94.29441183930851, 31.212617531726952], [-94.32657662580606, 31.22477364314846], [-94.33983639493361, 31.24076852659781], [-94.33248444373417, 31.251005252005395], [-94.33957382524792, 31.263267995983234], [-94.3222442259921, 31.285554200255994], [-94.31594255353544, 31.30453479528256], [-94.3222442259921, 31.32362202286545], [-94.31344814152133, 31.337484255188222], [-94.32631405612035, 31.367448003516675], [-94.3269704803346, 31.39997093319702], [-94.3127917173071, 31.404342868006513], [-94.30491462673628, 31.42183060724447], [-94.32093137756362, 31.444969871967864], [-94.31187272340718, 31.468855564585564], [-94.31883082007806, 31.481651471345046], [-94.3055710509505, 31.496580029231104], [-94.30058222692232, 31.52643714500323], [-94.308590602336, 31.55192232596586], [-94.30491462673628, 31.563332009493067], [-94.31344814152133, 31.575594753470902], [-94.31108501435008, 31.589243720681015], [-94.32815204392021, 31.592442697370885], [-94.33366600731979, 31.602786055334796], [-94.35033918236138, 31.60694472503163], [-94.36714364224582, 31.63370949667021], [-94.39536988345796, 31.638721226817673], [-94.39904585905768, 31.653543152147407]]]}}, {"type": "Feature", "properties": {"name": "Panola", "id": "48365"}, "geometry": {"type": "Polygon", "coordinates": [[[-94.4918642429506, 32.39410625585238], [-94.45602348085333, 32.36926087022772], [-94.44053186939738, 32.362116488953674], [-94.40219669528601, 32.369367502784044], [-94.3838168172874, 32.366488423763165], [-94.37882799325921, 32.342389466032806], [-94.36727492708866, 32.34590834039167], [-94.35060175204708, 32.32660784769612], [-94.04287008041338, 32.392293502394786], [-94.04234494104199, 32.1199539535305], [-94.04273879557053, 31.999245899766056], [-94.01871366932951, 31.990821927816064], [-94.01280585140138, 31.98165152797177], [-94.01713825121534, 31.979838774514175], [-94.51142568453483, 31.973973983916082], [-94.60004295345664, 31.973227556021776], [-94.60161837157081, 32.07996674490712], [-94.5884898872861, 32.13754832532478], [-94.58074408155811, 32.159301366815896], [-94.58021894218672, 32.20259418468547], [-94.55698152500278, 32.249085979244924], [-94.53072455643336, 32.271798713743], [-94.51956534479135, 32.3056012340993], [-94.49330837622192, 32.35646496346824], [-94.4918642429506, 32.39410625585238]]]}}, {"type": "Feature", "properties": {"name": "Anderson", "id": "48001"}, "geometry": {"type": "Polygon", "coordinates": [[[-96.0528410244031, 32.005857118258454], [-95.4284503118221, 32.08444531227293], [-95.43790282050709, 32.068237163710926], [-95.43540840849299, 32.05298870815588], [-95.42214863936543, 32.04744381522677], [-95.43278271163605, 32.03091576899577], [-95.42411791200814, 32.018866290130596], [-95.44643633529216, 31.998499471871753], [-95.4535257168059, 31.95989848648065], [-95.44564862623507, 31.945822989045222], [-95.42385534232244, 31.93196075672245], [-95.42831902697925, 31.9053026176402], [-95.43750896597855, 31.901570478168683], [-95.43094472383619, 31.88013733434655], [-95.44538605654938, 31.856998069623156], [-95.44669890497785, 31.843135837300387], [-95.41295870036613, 31.83513839557571], [-95.4006179251385, 31.815624637767502], [-95.40324362199544, 31.800376182212453], [-95.394184967839, 31.787260377783987], [-95.40206205840983, 31.761561931708695], [-95.38079391386859, 31.75249816442073], [-95.36280789039853, 31.75249816442073], [-95.36622129631255, 31.726799718345436], [-95.34153974585729, 31.73533032285176], [-95.32158444974452, 31.704406881516345], [-95.28968223293268, 31.684040063257505], [-95.27589732443371, 31.657275291618923], [-95.2864001118615, 31.64362632440881], [-95.281673857519, 31.62539215727655], [-95.26486939763456, 31.62421919915693], [-95.2588302948636, 31.609930436608842], [-95.27314034273392, 31.5928692275962], [-95.65176582950508, 31.541792233114606], [-95.64717086000543, 31.52697030778487], [-95.73933281968412, 31.504044308174137], [-95.73696969251287, 31.51854633583488], [-95.7587629764255, 31.533261628608283], [-95.75101717069752, 31.55192232596586], [-95.71845852967144, 31.553628446867126], [-95.71793339030005, 31.57250240933736], [-95.72935517162774, 31.582952399857604], [-95.71163171784337, 31.603212585560115], [-95.71005629972922, 31.61558196209428], [-95.7356568440844, 31.653863049816394], [-95.75731884315418, 31.64351969185248], [-95.74865404352627, 31.617714613220862], [-95.76729649121057, 31.59756106007468], [-95.78725178732333, 31.618354408558833], [-95.79670429600833, 31.631043682761984], [-95.7932908900943, 31.657915086956898], [-95.78252553298083, 31.678601802884724], [-95.81272104683568, 31.676255886645485], [-95.82125456162075, 31.686919142278388], [-95.84304784553336, 31.695876277010022], [-95.8645785597603, 31.691610974756863], [-95.8757377714023, 31.695663011897366], [-95.8687796747314, 31.724667067218856], [-95.87429363813098, 31.754204285321993], [-95.90396401261444, 31.767426722306787], [-95.92733271464122, 31.76859968042641], [-95.95306454383928, 31.776277224482097], [-95.9612042040958, 31.788113438234618], [-95.98247234863703, 31.787047112671328], [-95.97551425196613, 31.806560870479537], [-95.97800866398022, 31.832365949111157], [-95.99231871185056, 31.846974609328228], [-95.9745952580662, 31.87715162276934], [-95.99888295399292, 31.868301120594033], [-96.00938574142069, 31.87928427389592], [-96.02763433457645, 31.877898050663642], [-96.01962595916277, 31.903596496738935], [-96.00269021443549, 31.91276689658323], [-96.01975724400562, 31.936865854313584], [-96.01503098966312, 31.947635742502815], [-96.06255610277378, 31.978452551281897], [-96.0528410244031, 32.005857118258454]]]}}, {"type": "Feature", "properties": {"name": "Cameron", "id": "48061"}, "geometry": {"type": "MultiPolygon", "coordinates": [[[[-97.86181487399384, 26.34814694455387], [-97.52756366410502, 26.299309233755185], [-97.52401897334815, 26.32351482404187], [-97.50905250126357, 26.333538284336797], [-97.47938212678012, 26.335884200576036], [-97.44695477059688, 26.324901047274146], [-97.43723969222619, 26.337270423808313], [-97.4300190258696, 26.364355093115883], [-97.42135422624168, 26.366167846573475], [-97.40074250591468, 26.386534664832315], [-97.3907648578583, 26.411380050456973], [-97.35019784141853, 26.411486683013305], [-97.33024254530577, 26.365954581460816], [-97.29702748006544, 26.296110257065315], [-97.27982916565247, 26.27094497377167], [-97.29374535899426, 26.25900212746282], [-97.3105498188787, 26.230531234922974], [-97.31133752793578, 26.213150128241345], [-97.2988654678653, 26.201207281932497], [-97.29610848616551, 26.18243995201859], [-97.2988654678653, 26.147571106099004], [-97.28534312905205, 26.128377245959783], [-97.29059452276593, 26.104811451011074], [-97.27090179633886, 26.086470651322482], [-97.24700795494068, 26.08039259561173], [-97.19961412667286, 26.07708698636553], [-97.19567558138745, 26.046590075255434], [-97.16495492816122, 26.06386454938073], [-97.15195772871935, 26.062158428479467], [-97.15195772871935, 26.017692652490272], [-97.14552477141984, 25.971094225374493], [-97.14631248047692, 25.955632504706788], [-97.156552698219, 25.94902128621439], [-97.1682370492324, 25.959258011621973], [-97.20696607787231, 25.96085749996691], [-97.22928450115631, 25.95872484884033], [-97.24805823368345, 25.948061593207427], [-97.27667832942413, 25.95211363034793], [-97.27720346879552, 25.935478951560604], [-97.3035917222078, 25.936651909680226], [-97.32485986674904, 25.9240692680334], [-97.35046041110422, 25.92524222615302], [-97.3676587255172, 25.915645296083408], [-97.36004420463206, 25.868833603854974], [-97.3729101192311, 25.84014944620247], [-97.39457211830087, 25.837376999737916], [-97.42266707467016, 25.84036271131513], [-97.44511678279702, 25.850066273941067], [-97.44918661292527, 25.871712682875856], [-97.46822291513811, 25.88418869196635], [-97.48607765376532, 25.878750431593573], [-97.52178713101975, 25.886427975649262], [-97.5303206458048, 25.91681825420303], [-97.54292399071814, 25.9200172308929], [-97.546468681475, 25.934092728328327], [-97.58257201325797, 25.937824867799844], [-97.58309715262936, 25.95541923959413], [-97.59806362471393, 25.95755189072071], [-97.60830384245601, 25.976639118303602], [-97.627208859826, 25.996686038893458], [-97.64401331971044, 26.006602866632054], [-97.64913342858146, 26.021531424518116], [-97.69705239622067, 26.023450810532037], [-97.71109987440532, 26.03304774060165], [-97.75888755720167, 26.032088047594687], [-97.77004676884368, 26.04157834510797], [-97.79223390728485, 26.044244159016195], [-97.8012925614413, 26.060025777352887], [-97.83660818416719, 26.051601805402896], [-97.86824783129335, 26.05661353555036], [-97.86181487399384, 26.070049237647815], [-97.86181487399384, 26.34814694455387]]], [[[-97.22521467102806, 26.411486683013305], [-97.19698842981592, 26.305813819691256], [-97.17112531577503, 26.16217976631608], [-97.1587845405474, 26.082631879294638], [-97.16928732797517, 26.077726781703504], [-97.18307223647412, 26.12325888325599], [-97.20132082962988, 26.249725095062196], [-97.2250833861852, 26.344521437638686], [-97.24464482776943, 26.411486683013305], [-97.22521467102806, 26.411486683013305]]]]}}, {"type": "Feature", "properties": {"name": "Montgomery", "id": "48339"}, "geometry": {"type": "Polygon", "coordinates": [[[-95.83018193093434, 30.630297141614232], [-95.59885803783769, 30.50894929251182], [-95.35913191479881, 30.50436409258967], [-95.35072968485659, 30.476106465162484], [-95.31410121370224, 30.412340196477736], [-95.30845596545981, 30.40572897798534], [-95.26066828266346, 30.383442773712574], [-95.23585544736534, 30.379070838903086], [-95.21800070873813, 30.35625147184868], [-95.20329680633925, 30.347827499898685], [-95.2265342235232, 30.327140783970858], [-95.22614036899465, 30.319569872471497], [-95.16588062612782, 30.344948420877802], [-95.09669351394737, 30.167191949477346], [-95.26368783404894, 30.032515030833807], [-95.29296435400384, 30.02792983091166], [-95.3109503774739, 30.032834928502794], [-95.3095062442026, 30.045630835262273], [-95.35361795139923, 30.076341011485027], [-95.3750173807833, 30.086364471779955], [-95.39562910111032, 30.084018555540716], [-95.424249196851, 30.115475159657777], [-95.47479386134714, 30.103212415679938], [-95.48844748500323, 30.108010880714744], [-95.50105082991657, 30.143732787084964], [-95.51851171401523, 30.152156759034952], [-95.52953964081439, 30.16580572624507], [-95.55146420956987, 30.17060419127987], [-95.590849662424, 30.136055243029276], [-95.61960104300753, 30.13552208024763], [-95.67250883467493, 30.101506294778673], [-95.68563731895965, 30.106944555151454], [-95.76086353391105, 30.086364471779955], [-95.80326853815069, 30.09009661125147], [-95.80431881689346, 30.245566878379165], [-95.80431881689346, 30.33780403960376], [-95.81744730117818, 30.50020542289284], [-95.83018193093434, 30.630297141614232]]]}}, {"type": "Feature", "properties": {"name": "Llano", "id": "48299"}, "geometry": {"type": "Polygon", "coordinates": [[[-98.96460755390981, 30.92140402039243], [-98.44576985497791, 30.92140402039243], [-98.4487894063634, 30.890373946500688], [-98.45732292114846, 30.87885763041715], [-98.43159109195042, 30.8694739654602], [-98.41938160156565, 30.859130607496287], [-98.42161344389405, 30.83503164976593], [-98.40494026885246, 30.84377551938491], [-98.37684531248317, 30.834925017209603], [-98.39010508161073, 30.818396970978604], [-98.40336485073828, 30.81797044075329], [-98.41386763816607, 30.79429801324825], [-98.43198494647896, 30.790459241220404], [-98.42253243779398, 30.7749975205527], [-98.43027824352195, 30.760922023117267], [-98.42410785590813, 30.750472032597024], [-98.375269894369, 30.74652662801285], [-98.37185648845498, 30.7404485723021], [-98.39259949362483, 30.721254712162878], [-98.40415255979538, 30.72104144705022], [-98.4139989230089, 30.704406768262892], [-98.40402127495253, 30.676255773392036], [-98.43894304314986, 30.673270061814822], [-98.41859389250855, 30.645972127394597], [-98.41754361376579, 30.627311430037018], [-98.40021401450996, 30.59841400727186], [-98.41189836552336, 30.588177281864276], [-98.41111065646626, 30.57463494721049], [-98.39876988123864, 30.56375842646493], [-98.37592631858324, 30.573888519316185], [-98.35203247718506, 30.55842679864848], [-98.35098219844228, 30.486129925457412], [-98.41150451099482, 30.502124808906764], [-98.59162731538109, 30.499885525223853], [-98.96421369938128, 30.498499301991576], [-98.96460755390981, 30.92140402039243]]]}}, {"type": "Feature", "properties": {"name": "Mason", "id": "48319"}, "geometry": {"type": "Polygon", "coordinates": [[[-99.48475810127019, 30.940597880531648], [-99.09234770600008, 30.941024410756967], [-99.09247899084293, 30.921937183174073], [-98.96460755390981, 30.92140402039243], [-98.96421369938128, 30.498499301991576], [-99.30397887266967, 30.499778892667525], [-99.48449553158449, 30.499672260111197], [-99.48383910737026, 30.710804721642635], [-99.48475810127019, 30.940597880531648]]]}}, {"type": "Feature", "properties": {"name": "Taylor", "id": "48441"}, "geometry": {"type": "Polygon", "coordinates": [[[-100.14656499406262, 32.52281175134149], [-99.62969656777342, 32.52067910021491], [-99.62956528293057, 32.514707677060485], [-99.62982785261627, 32.43675927838398], [-99.63140327073043, 32.08124633558306], [-99.71398143688128, 32.0820993960337], [-100.15194767261934, 32.08263255881534], [-100.14866555154816, 32.40498277659793], [-100.14656499406262, 32.52281175134149]]]}}, {"type": "Feature", "properties": {"name": "Hartley", "id": "48205"}, "geometry": {"type": "Polygon", "coordinates": [[[-103.04087063947067, 36.05522844485259], [-102.16296889535184, 36.05522844485259], [-102.16283761050899, 35.627525261416935], [-103.0415270636849, 35.62251353126947], [-103.04126449399921, 35.83769802994141], [-103.04087063947067, 36.05522844485259]]]}}, {"type": "Feature", "properties": {"name": "Jim Wells", "id": "48249"}, "geometry": {"type": "Polygon", "coordinates": [[[-98.2354515367368, 28.057999985289538], [-97.88308301853507, 28.056933659726248], [-97.86759140707912, 28.040938776276896], [-97.83897131133844, 28.034647455453484], [-97.80142384628415, 28.038379594925], [-97.78921435589938, 28.01364084185667], [-97.79853557974151, 27.995619939837066], [-97.93428410724546, 27.885255244036543], [-97.93362768303122, 27.776490036580952], [-97.94216119781629, 27.635948327339317], [-98.05979241700733, 27.63584169478299], [-98.0580857140503, 27.261028259286523], [-98.23243198535131, 27.262521115075128], [-98.2354515367368, 28.057999985289538]]]}}, {"type": "Feature", "properties": {"name": "Zapata", "id": "48505"}, "geometry": {"type": "Polygon", "coordinates": [[[-99.45390616320111, 27.264653766201707], [-99.37067157283602, 27.31914300248583], [-99.33364924715312, 27.27318437070803], [-98.95462990585344, 27.269345598680182], [-98.95423605132488, 26.785660323171797], [-99.0110823882777, 26.674975729702286], [-99.16941190875136, 26.571648782619476], [-99.17807670837927, 26.62059312597449], [-99.20052641650612, 26.65642166490104], [-99.20997892519112, 26.69395632472885], [-99.20892864644834, 26.724773133507934], [-99.24004315420311, 26.745886379661076], [-99.24240628137436, 26.788219504523692], [-99.26223029264428, 26.81562407150025], [-99.26866324994378, 26.843241903589462], [-99.28047888580004, 26.858063828919196], [-99.29518278819891, 26.865421475305897], [-99.31671350242584, 26.865848005531213], [-99.32892299281063, 26.879710237853985], [-99.32183361129688, 26.90679490716155], [-99.33732522275284, 26.922789790610903], [-99.37920508762109, 26.934519371807095], [-99.39377770517711, 26.96075098066403], [-99.37736709982123, 26.9738667850925], [-99.40375535323349, 26.99732594748488], [-99.4154397042469, 27.017266235518406], [-99.42935589758869, 27.010868282138667], [-99.44655421200167, 27.02302439356017], [-99.44392851514472, 27.036460095657628], [-99.45233074508694, 27.062691704514563], [-99.43447600645973, 27.078473322851256], [-99.42922461274584, 27.09094933194175], [-99.44209052734486, 27.106837582834775], [-99.43053746117431, 27.12656460575564], [-99.43998996985931, 27.151090093711314], [-99.43001232180292, 27.159194167992318], [-99.4263363462032, 27.17625537700496], [-99.43276930350271, 27.20973799969227], [-99.44524136357319, 27.223386966902382], [-99.44156538797347, 27.249938473428305], [-99.45390616320111, 27.264653766201707]]]}}, {"type": "Feature", "properties": {"name": "Travis", "id": "48453"}, "geometry": {"type": "Polygon", "coordinates": [[[-98.12556612327374, 30.426202428800508], [-98.09773373659014, 30.467575860656165], [-98.09773373659014, 30.497432976428286], [-98.12307171125964, 30.484743702225135], [-98.04994605379379, 30.624112453347152], [-98.03655499982338, 30.611743076812985], [-98.01279244326805, 30.616754806960447], [-97.99099915935543, 30.60982369079906], [-97.95673381537232, 30.62827112304398], [-97.93480924661685, 30.61025022102438], [-97.91708579283248, 30.604918593207927], [-97.91511652018977, 30.580606370364915], [-97.8678539767648, 30.54648395233963], [-97.87139866752167, 30.522704892278263], [-97.85748247417987, 30.501591646125117], [-97.84842382002343, 30.47269422335996], [-97.81192663371192, 30.446995777284666], [-97.7945970344561, 30.444756493601755], [-97.77346017475772, 30.430680996166327], [-97.7536361634878, 30.433346810074553], [-97.7466780668169, 30.449448326080233], [-97.6887814511213, 30.46139117238908], [-97.68287363319318, 30.48005186974666], [-97.66383733098036, 30.481544725535265], [-97.65149655575271, 30.474933507042866], [-97.59622563691407, 30.50148501356879], [-97.57613905595846, 30.501804911237777], [-97.55382063267444, 30.49039522771057], [-97.54673125116071, 30.47482687448654], [-97.52808880347641, 30.47546666982451], [-97.51220333749191, 30.48517023245045], [-97.46691006670964, 30.464163618853636], [-97.4456419221684, 30.46139117238908], [-97.41597154768495, 30.437398847215054], [-97.40507490572864, 30.441664149468217], [-97.36949671331706, 30.41959121030811], [-97.49132904747921, 30.211977623135528], [-97.49447988370754, 30.208138851107684], [-97.64939599826717, 30.067917039535036], [-97.65530381619529, 30.0729287696825], [-97.71018088050539, 30.02451758910913], [-97.85721990449419, 30.13125677799447], [-97.96894330575711, 30.21091129757224], [-97.98902988671271, 30.22679954846526], [-98.17295995154156, 30.356358104405007], [-98.12556612327374, 30.426202428800508]]]}}, {"type": "Feature", "properties": {"name": "Howard", "id": "48227"}, "geometry": {"type": "Polygon", "coordinates": [[[-101.68876804298797, 32.52526430013706], [-101.17452531355572, 32.52409134201744], [-101.18397782224072, 32.08721775873749], [-101.26419286122032, 32.087111126181156], [-101.69506971544463, 32.087537656406475], [-101.68876804298797, 32.52526430013706]]]}}, {"type": "Feature", "properties": {"name": "Newton", "id": "48351"}, "geometry": {"type": "Polygon", "coordinates": [[[-93.9111913830377, 31.1580216628865], [-93.60030887517567, 31.176149197462433], [-93.58849323931943, 31.16559257438586], [-93.54897650162243, 31.186599187982676], [-93.53177818720947, 31.180841029940908], [-93.54398767759425, 31.15300993273904], [-93.5413619807373, 31.113449254340974], [-93.54976421067953, 31.10513191494731], [-93.5466133744512, 31.08295234323088], [-93.52298210273871, 31.065251338880262], [-93.53204075689516, 31.055227878585335], [-93.51694299996774, 31.02366464191195], [-93.53952399293745, 31.008522818913228], [-93.56604353119258, 31.004577414329056], [-93.56801280383527, 30.978025907803133], [-93.54989549552238, 30.967149387057574], [-93.52626422380989, 30.93942492241203], [-93.53099047815238, 30.92449636452597], [-93.55199605300793, 30.918631573927875], [-93.55645973766472, 30.901463732358906], [-93.56775023414959, 30.888347927930436], [-93.55856029515029, 30.8694739654602], [-93.55409661049347, 30.824901556914675], [-93.56171113137862, 30.807733715345705], [-93.5783843064202, 30.802082189860265], [-93.58941223321936, 30.786727101748887], [-93.59282563913338, 30.76401436725081], [-93.60779211121796, 30.75761641387107], [-93.61908260770281, 30.742048060647036], [-93.60976138386067, 30.729145521331226], [-93.62105188034552, 30.69512973586227], [-93.6382501947585, 30.673056796702166], [-93.65492336980009, 30.670177717681284], [-93.68314961101221, 30.640747132134475], [-93.68511888365492, 30.62517877891044], [-93.67986748994105, 30.599800230504137], [-93.71242613096713, 30.58849717953326], [-93.72778645758025, 30.574101784428844], [-93.72923059085156, 30.544884463994695], [-93.74025851765072, 30.539552836178245], [-93.71426411876699, 30.51854622258143], [-93.71662724593824, 30.494020734625757], [-93.70586188882477, 30.457765665473893], [-93.6978535134111, 30.443796800594797], [-93.70271105259644, 30.429934568272024], [-93.72227249418066, 30.42076416842773], [-93.75850711080648, 30.387068280627762], [-93.75640655332091, 30.356144839292348], [-93.76585906200592, 30.33332547223794], [-93.73868309953656, 30.303788254134805], [-93.71426411876699, 30.294297956621524], [-93.70546803429623, 30.24418065514689], [-93.90147630466701, 30.242687799358283], [-93.86576682741259, 30.94720909902405], [-93.9111913830377, 31.1580216628865]]]}}, {"type": "Feature", "properties": {"name": "Hockley", "id": "48219"}, "geometry": {"type": "Polygon", "coordinates": [[[-102.61550774864592, 33.825115161787686], [-102.08577340775773, 33.82468863156237], [-102.07592704454419, 33.38962780174001], [-102.59489602831893, 33.388454843620394], [-102.61550774864592, 33.825115161787686]]]}}]}